20250227T000000--linux-forensics-cheatsheet__tryhackme.md	2:ad1dffa3bd36b0e63619441082411cd2233a309f38977c74ec104312fff236ec	_notes/2025-02-27-linux-forensics-cheatsheet-20250227T000000.md
20250320T000000--2025-03-19-quicknote-exploiting-a-vulnerablity__tryhackme.md	2:5036521074bf82149476ff394d62546ac022137001cbc83cc7854b70b6d9d68c	_notes/2025-03-20-2025-03-19-quicknote-exploiting-a-vulnerablity-20250320T000000.md
20250320T000001--2025-03-19-vulnerabilitycapstone__tryhackme.md	2:52a26594f1ea0f099ee03051c7de7f71731a717dc427876859188b56df0c8a9e	_notes/2025-03-20-2025-03-19-vulnerabilitycapstone-20250320T000001.md
20250320T000002--quicknote__tryhackme.md	2:586fb0f1d740e2e2c94742dbdbd89886be772872d7b580d484a63f8eb8c34e0a	_notes/2025-03-20-quicknote-20250320T000002.md
20251231T095944--tryhackme-linux-cli-shells-bells__tryhackme.md	2:e2d673584d311788aaef22f543a0a19d6aa4fdcc18ed65e9c19e8f9cdf046cee	_notes/2025-12-23-tryhackme-linux-cli-shells-bells-20251231T095944.md
20251231T101229--advent-of-cyber-prep-track__tryhackme.md	2:9272ba00bc85378efa5bec7e88b70af8090b3ac2464d37cddaa206ed445225d9	_notes/2025-12-22-advent-of-cyber-prep-track-20251231T101229.md
20251231T102309--tryhackme-ai-in-security-old-saint-nick__tryhackme.md	2:30fb5c154335a125619095b4445599ab057fd4f8258a4469982fc91071491d15	_notes/2025-12-24-tryhackme-ai-in-security-old-saint-nick-20251231T102309.md
20251231T104809--tryhackme-aws-security-s3cret-santa__tryhackme.md	2:465a79e28ef766de9e4d4bbe2f6a519bdd4c6da1241c299ec947907b746fcbc7	_notes/2025-12-24-tryhackme-aws-security-s3cret-santa-20251231T104809.md
20251231T104822--tryhackme-c2-detection-command-carol__tryhackme.md	2:502aa90da26237955ebf882fd41d316c011e8518e0c3f471e0fcfa974e2b8cc4	_notes/2025-12-24-tryhackme-c2-detection-command-carol-20251231T104822.md
20251231T104827--tryhackme-containers-doordashers-demise__tryhackme.md	2:7850fd41eeb0aceda9dbeec3614c744f960ac16e25d48639657305583748b437	_notes/2025-12-24-tryhackme-containers-doordasher-s-demise-20251231T104827.md
20251231T104833--tryhackme-cyberchef-hoperation-save-mcskidy__tryhackme.md	2:53365711daea22babd776225b5c2ff6596900339825b9cff83d44cca8b52291c	_notes/2025-12-24-tryhackme-cyberchef-hoperation-save-mcskidy-20251231T104833.md
20251231T104920--tryhackme-data-exfiltration-detection__tryhackme.md	2:e118f40429f2442c89053aaa80ab5274bf2be1d9fe58674e0eb05fbdffd3259a	_notes/2025-12-21-tryhackme-data-exfiltration-detection-20251231T104920.md
20251231T104930--tryhackme-exploitation-with-curl-hoperation-eggsploit__tryhackme.md	2:b5da03b5c6cdfff24bf0d9e3767132ca0f5324998de028a1530c4ffb19ae8bf5	_notes/2025-12-24-tryhackme-exploitation-with-curl-hoperation-eggsploit-20251231T104930.md
20251231T105002--tryhackme-forensics-registry-furensics__tryhackme.md	2:8e4c5267e8daf4929bf92accc7624c1d237b8c68681d25392373d51222058c15	_notes/2025-12-24-tryhackme-forensics-registry-furensics-20251231T105002.md
20251231T191853--tryhackme-ics-modbus-claus-for-concern__tryhackme.md	2:eb982749898ce3a1616bd47fba0ac4f9f5a69fa37ad113a87b16725bacb0e58f	_notes/2025-12-24-tryhackme-ics-modbus-claus-for-concern-20251231T191853.md
20251231T211716--tryhackme-idor-santas-little-idor__tryhackme.md	2:5701cbba3ae90a1538064dac093eb8d4e59c04fb92de30327b915a2897a0efc2	_notes/2025-12-24-tryhackme-idor-santa-s-little-idor-20251231T211716.md
20251231T212537--tryhackme-malware-analysis-egg-xecutable__tryhackme.md	2:e80a604ec097552d4f5419e24cccf23d8f2b229b4d7786c66a18e165ac497705	_notes/2025-12-24-tryhackme-malware-analysis-egg-xecutable-20251231T212537.md
20251231T212551--tryhackme-malware-analysis-malhareexe__tryhackme.md	2:d10250fb7e98b3a08662ea390888b764b733ea9f2919a2f753d5a166d7e420f2	_notes/2025-12-24-tryhackme-malware-analysis-malhare-exe-20251231T212551.md
20251231T212920--tryhackme-man-in-the-middle-detection__tryhackme.md	2:69b99fb66b358593d9b59a81fc2451f32e7960976238fd14eee67a1373ab60ef	_notes/2025-12-29-tryhackme-man-in-the-middle-detection-20251231T212920.md
20251231T212947--tryhackme-mitre-cyber-defense-frameworks__tryhackme.md	2:ed1c9f001578cbdae3031a7b3f3d1d838f63377c003556e8fd0e2c26a207ce9f	_notes/2025-11-26-tryhackme-mitre-cyber-defense-frameworks-20251231T212947.md
20251231T212957--tryhackme-network-discovery-scan-ta-clause__tryhackme.md	2:49a1c53852008487d34b627121f0ce23ab660a7a66a2fe098060f26f125b5110	_notes/2025-12-24-tryhackme-network-discovery-scan-ta-clause-20251231T212957.md
20251231T213007--tryhackme-network-discovery-detection__tryhackme.md	2:9dc94bb38c50e1267876850846f7a04bdd100f30005b8c26dfe4d6dbe200249a	_notes/2025-12-17-tryhackme-network-discovery-detection-20251231T213007.md
20251231T213018--tryhackme-network-security-essentials__tryhackme.md	2:8065980ee709270625a5476e682dbb7a962d01cfe5e2e2600ebbb17947a6e5ee	_notes/2025-12-10-tryhackme-network-security-essentials-20251231T213018.md
20251231T213026--tryhackme-network-traffic-basics__tryhackme.md	2:f970b1a8fcb18ad30b46b8fa1dd4334b1d05d65a76c29c9d965dde47a1f7d661	_notes/2025-12-03-tryhackme-network-traffic-basics-20251231T213026.md
20251231T213056--tryhackme-obfuscation-the-egg-shell-file__tryhackme.md	2:4b6975ada35532c0b15f0be553899f4f3b02f1566922da01861040ee3e7e4d0a	_notes/2025-12-24-tryhackme-obfuscation-the-egg-shell-file-20251231T213056.md
20251231T213118--tryhackme-passwords-a-cracking-christmas__tryhackme.md	2:8fdf9d1f091cca9fca91ad6dd81aec22f79cce4755f95c303de150a1c3882191	_notes/2025-12-24-tryhackme-passwords-a-cracking-christmas-20251231T213118.md
20251231T213123--tryhackme-phishing-merry-clickmas__tryhackme.md	2:ccec1a6872feb21d56aea453068e3293e0d4becc83e91d4dc3ae04f4ef88952f	_notes/2025-12-24-tryhackme-phishing-merry-clickmas-20251231T213123.md
20251231T213127--tryhackme-phishing-phishmas-greetings__tryhackme.md	2:bab3d0a9943ae394cf08475af729d78bf90c4d7ffeca8173d77f50ac1ad2dca9	_notes/2025-12-24-tryhackme-phishing-phishmas-greetings-20251231T213127.md
20251231T213131--tryhackme-prompt-injection-sched-yule-conflict__tryhackme.md	2:4f682177d343deafc87b9dc48e7d5f3c8e4e769e338859281f746a7cd478d815	_notes/2025-12-24-tryhackme-prompt-injection-sched-yule-conflict-20251231T213131.md
20251231T213134--tryhackme-race-conditions-toy-to-the-world__tryhackme.md	2:4b0b6ce08dee3f0d589cd48be4a4d3766e17bd1387d412f7bca76f59b9f3b59a	_notes/2025-12-24-tryhackme-race-conditions-toy-to-the-world-20251231T213134.md
20251231T213137--tryhackme-soc-alert-triaging-tinsel-triage__tryhackme.md	2:468490319ddc77ad9d031719fe11b6334ed119e065c25f9ea7e8ec062e45a7b3	_notes/2025-12-24-tryhackme-soc-alert-triaging-tinsel-triage-20251231T213137.md
20251231T213141--tryhackme-splunk-basics-did-you-siem__tryhackme.md	2:2ad076404e04faf7369a7f4da58b9104bb9ace195a3b32ef17fbd72f208ca58b	_notes/2025-12-24-tryhackme-splunk-basics-did-you-siem-20251231T213141.md
20251231T213144--tryhackme-web-attack-forensics-drone-alone__tryhackme.md	2:0218bc7ee8d2437fad512b7ef747e81298f9e2823762303ca4c2ffdb99d5c3d5	_notes/2025-12-24-tryhackme-web-attack-forensics-drone-alone-20251231T213144.md
20251231T213146--tryhackme-web-security-essentials__tryhackme.md	2:e8fe34f8fe3d9f453fceb5f2b6c09a3b574114c56f7387e7cc6defd117c686c2	_notes/2025-12-30-tryhackme-web-security-essentials-20251231T213146.md
20251231T213149--tryhackme-xss-merry-xssmas__tryhackme.md	2:00ec908b85acbb4ca0214ffb0ac328f0e84444538642c87a261c1568107400b3	_notes/2025-12-24-tryhackme-xss-merry-xssmas-20251231T213149.md
20251231T213152--tryhackme-yara-rules-yara-mean-one__tryhackme.md	2:2ccf5406b3b9267af6c74a215811f6b07ccbc0470ecaca88febb4f60d545f234	_notes/2025-12-24-tryhackme-yara-rules-yara-mean-one-20251231T213152.md
20251231T213154--tryhackme-linux-cli-shells-bells__tryhackme.md	2:d1368606b1da7d2fa047ea8ae9d9818a68ffb803746df77674decf5eb2458b11	_notes/2025-12-23-tryhackme-linux-cli-shells-bells-20251231T213154.md
Advanced Endpoint Investigations/Disk Image Analysis/20250920T215404--tryhackme-intro-to-cold-system-forensics.md	2:de003db2187344f70e6e148861fc4cda78116d187ce98b8258650408bb3005f3	_notes/2025-09-19-tryhackme-intro-to-cold-system-forensics-20250919T000000.md
Advanced Endpoint Investigations/Disk Image Analysis/20250923T143957--tryhackme-exfilnode__tryhackme.md	2:8589f00c3fdb5489f664c05d6831e24d7ee85a3b1f551b04a3f1ac58d2cf465a	_notes/2025-09-23-tryhackme-exfilnode-20250923T143957.md
Advanced Endpoint Investigations/Disk Image Analysis/TryHackMe  - Forensic Imaging.md	2:f7f282057ffdaabee5dd3c5e6692233b088c5fc5c9b338bdecc53c5acc15c595	_notes/2025-09-21-tryhackme-forensic-imaging.md
Advanced Endpoint Investigations/File System Analysis/20250829T000000--tryhackme-mbr-and-gpt-analysis__tryhackme.md	2:eefe79d1dccbfff32de7d45f8bdcfbf8eb40ee76128d0aba7057d17f4b911a62	_notes/2025-08-29-tryhackme-mbr-and-gpt-analysis-20250829T000000.md
Advanced Endpoint Investigations/File System Analysis/20250830T000000--tryhackme-fat32-analysis__tryhackme.md	2:7fb60df709ac698bca0bc976a5ba493b8bc7afa8393b69dc039f87efc82d5183	_notes/2025-08-30-tryhackme-fat32-analysis-20250830T000000.md
Advanced Endpoint Investigations/File System Analysis/20250830T000001--tryhackme-ntfs-analysis__tryhackme.md	2:a69e94d9621a1550d59fc28ad79186218a2a8324f35eced0004942fcaee31c32	_notes/2025-08-30-tryhackme-ntfs-analysis-20250830T000001.md
Advanced Endpoint Investigations/File System Analysis/20250901T000000--tryhackme-diskrupt__tryhackme.md	2:10f3bc75289b9d1746ad52857bb132e1099065cb3386d9d3566387bc9a32f04a	_notes/2025-09-01-tryhackme-diskrupt-20250901T000000.md
Advanced Endpoint Investigations/File System Analysis/20250926T204240--tryhackme-ext-analysis__tryhackme.md	2:5daf0f82b4f23440800d18f97d693cd96f3aa7e6d79946e298745fa38145540e	_notes/2025-09-27-tryhackme-ext-analysis-20250926T204240.md
Advanced Endpoint Investigations/File System Analysis/20250928T123629--tryhackme-file-carving__tryhackme.md	2:a118a72b0e3e0b24798f9a1c5a3edd67b8acdfc6f693ae47cf6fb978ddd2fa7d	_notes/2025-09-28-tryhackme-file-carving-20250928T123629.md
Advanced Endpoint Investigations/Linux Endpoint Investigation/20250901T000000--tryhackme-linux-incident-surface__tryhackme.md	2:2af40abce3b7adb1885e130f53ab5bd653f7982101ea1aa9110289f8826451bb	_notes/2025-09-01-tryhackme-linux-incident-surface-20250901T000000.md
Advanced Endpoint Investigations/Linux Endpoint Investigation/20250901T000001--tryhackme-linux-process-analysis__tryhackme.md	2:64ba49f847d00e4693dd327211ee49276d95a78bd8d8176f80e49807f5ec65d3	_notes/2025-09-01-tryhackme-linux-process-analysis-20250901T000001.md
Advanced Endpoint Investigations/Linux Endpoint Investigation/TryHackMe  - IronShade.md	2:64466c1c3197121f359f8954e452b82e92457f868e52484a0832a221f5e73855	_notes/2025-09-03-tryhackme-ironshade.md
Advanced Endpoint Investigations/Linux Endpoint Investigation/TryHackMe  - Linux Live Analysis.md	2:f858a4b83d13633d9a3b33ffbd0ed4200f3ce886ac4df1f4b10ad2cfba2ae74f	_notes/2025-09-03-tryhackme-linux-live-analysis.md
Advanced Endpoint Investigations/Linux Endpoint Investigation/TryHackMe  - Linux Logs Investigations.md	2:f8f62536ade061ba1c810897ad4352aa2943612ca6f9f2b5daac9cfd5b9eb132	_notes/2025-09-03-tryhackme-linux-logs-investigations.md
Advanced Endpoint Investigations/Memory Analysis/20250910T184256--tryhackme-memory-analysis-introduction__tryhackme.md	2:8726a2b1c5c138ee014258fffeb4d8cabeab3f99fd18a3982748e82245f6eacc	_notes/2025-09-10-tryhackme-memory-analysis-introduction-20250910T000000.md
Advanced Endpoint Investigations/Memory Analysis/20250911T154253--tryhackme-memory-acquisition__tryhackme.md	2:52a32d9773733579c62857e4935f6e344ea067a6d06b1372dd5f42b3374a2b1d	_notes/2025-09-11-tryhackme-memory-acquisition-20250911T000000.md
Advanced Endpoint Investigations/Memory Analysis/20250912T213819--tryhackme-volatility-essentials__tryhackme.md	2:a6c87ea3fa538cf977fb8029c9fd1127d2b50f47bc2c97b8ae93a1054ddb8fa3	_notes/2025-09-13-tryhackme-volatility-essentials-20250913T000000.md
Advanced Endpoint Investigations/Memory Analysis/20250920T215348--tryhackme-windows-memory-user-activity.md	2:d5012946b1b456f170fc267f35cbaf8fba9591a2346ecab4dfbddc86acc12ea5	_notes/2025-09-14-tryhackme-windows-memory-user-activity-20250914T000000.md
Advanced Endpoint Investigations/Memory Analysis/20250920T215410--tryhackme-windows-memory-processes.md	2:3fda44ec4ed97e86d1317ec9525f3ce5a031d1a8f45fbebb8a6477c605629350	_notes/2025-09-14-tryhackme-windows-memory-processes-20250914T000000.md
Advanced Endpoint Investigations/Memory Analysis/20250920T215433--tryhackme-linux-memory-analysis.md	2:1374e2f001ea56d40591a3a58f70df1bb0becd2c50d2049263c440053472d094	_notes/2025-09-15-tryhackme-linux-memory-analysis-20250915T000000.md
Advanced Endpoint Investigations/Memory Analysis/20250924T162658--tryhackme-supplemental-memory__tryhackme.md	2:598c90a99e2b370fe0a9810afa93c558465b0713ac8eb04636803334e8421b06	_notes/2025-09-24-tryhackme-supplemental-memory-20250924T162658.md
Advanced Endpoint Investigations/Memory Analysis/20250925T161320--tryhackme-windows-memory-network__tryhackme.md	2:c198cf394f7ee557bead5361dd596c7266dce5038c802a636faa0bbb52a0e0fe	_notes/2025-09-25-tryhackme-windows-memory-network-20250925T161320.md
Advanced Endpoint Investigations/Mobile Analysis/20250907T220518--tryhackme-mobile-acquisition__tryhackme.md	2:d9b8cd63e8d042e41dbd66fefdce6846023d405a1400b6ac0307090495e7e893	_notes/2025-09-08-mobile-acquisition-20250907T220518.md
Advanced Endpoint Investigations/Mobile Analysis/20250908T202309--tryhackme-android-analysis__tryhackme.md	2:5516b433b70203a40b6258978e26376ca09a994f5eb62e7fcd8c887063a2e141	_notes/2025-09-09-android-analysis-20250908T202309.md
Advanced Endpoint Investigations/Mobile Analysis/20250909T170628--tryhackme-ios-analysis__tryhackme.md	2:31bc0ebc0cad0c378f8073c993416f129219b3e554825ecd95da0d2a46ae2b82	_notes/2025-09-09-tryhackme-ios-analysis-20250909T000000.md
Advanced Endpoint Investigations/Windows Endpoint Investigation/20250904T000000--tryhackme-blizzard__tryhackme.md	2:eb0c4f3714de4cd55b9b2d122a05f8354e340ce057e496dec90c104fde93481e	_notes/2025-09-04-tryhackme-blizzard-20250904T000000.md
Advanced Endpoint Investigations/Windows Endpoint Investigation/20250904T000001--tryhackme-expediting-registry-analysis__tryhackme.md	2:4ae630b804107a59c9b38ae89bc6179228626d2cade1cdf4001a9fa27ce7f669	_notes/2025-09-04-tryhackme-expediting-registry-analysis-20250904T000001.md
Advanced Endpoint Investigations/Windows Endpoint Investigation/20250904T000002--tryhackme-logless-hunt__tryhackme.md	2:6a2e24b40af6f2c96eb4847f31cab20fbec807d2e3390f825b374ed2a7f98830	_notes/2025-09-04-tryhackme-logless-hunt-20250904T000002.md
Advanced Endpoint Investigations/Windows Endpoint Investigation/20250904T000003--tryhackme-windows-applications-forensics__tryhackme.md	2:b35024930a643f01af84fb2718dadc05832538f951fd76ebba67dffd9981e8e3	_notes/2025-09-04-tryhackme-windows-applications-forensics-20250904T000003.md
Advanced Endpoint Investigations/Windows Endpoint Investigation/20250904T000004--tryhackme-windows-network-analysis__tryhackme.md	2:3022d2ab18e7647110e8796709fc1c6112aa01ab4484392ae9da9d1785cc0997	_notes/2025-09-04-tryhackme-windows-network-analysis-20250904T000004.md
Advanced Endpoint Investigations/Windows Endpoint Investigation/20250904T000005--tryhackme-windows-user-activity-analysis__tryhackme.md	2:d42e40354422bbd0c98025036b9d8029620eed10d15fe75a5a2bfbaef6fecc40	_notes/2025-09-04-tryhackme-windows-user-activity-analysis-20250904T000005.md
Advanced Endpoint Investigations/Windows Endpoint Investigation/TryHackMe  - Compromised Windows Analysis.md	2:009a85e745531ebbaca61657bac95b78da49213be6cd7000fefcbead769a4822	_notes/2025-09-04-tryhackme-compromised-windows-analysis.md
Advanced Endpoint Investigations/Windows Endpoint Investigation/TryHackMe  - Windows Incident Surface.md	2:91f78df870b390429279a6e33778baea71c261e620e604ee2292154c5b8a32ce	_notes/2025-09-04-tryhackme-windows-incident-surface.md
Advanced Endpoint Investigations/Windows Endpoint Investigation/TryHackMe  - Windows User Account Forensics.md	2:8a49bbeb12e3a095b75b6225fb77b5075ad5df0a0126b39e62db0e0dedb82828	_notes/2025-09-04-tryhackme-windows-user-account-forensics.md
Advanced Endpoint Investigations/macOS Forensics/20250904T000006--tryhackme-macos-forensics-the-basics__tryhackme.md	2:0be5037658bea8e875c65bdb5fe8c8ffb4f7cab72c48d1766c79f35d11e5926c	_notes/2025-09-04-tryhackme-macos-forensics-the-basics-20250904T000006.md
Advanced Endpoint Investigations/macOS Forensics/20250906T000000--tryhackme-macos-forensics-artefacts__tryhackme.md	2:a1f28fee6dcff201611700fba6728abce6a6436ccef2d154eba86a0745a55b3f	_notes/2025-09-06-tryhackme-macos-forensics-artefacts-20250906T000000.md
Advanced Endpoint Investigations/macOS Forensics/20250907T000000--tryhackme-mac-hunt__tryhackme.md	2:eae4cba2082a5039a1561ac3c6b0c80b33d0aa8f76ffb570e9dd1577f326fd0d	_notes/2025-09-07-tryhackme-mac-hunt-20250907T000000.md
Advanced Endpoint Investigations/macOS Forensics/20251010T215625--tryhackme-macos-forensics-applications.md	2:5fdf467fe615183acd99b27baaf24b78f6f5f4b410431e9e0b1aa0a4cf89b52b	_notes/2025-09-30-tryhackme-macos-forensics-applications-20250930T000000.md
CompTIA Pentest+/Tools and Code Analysis/20251010T215641--tryhackme-python-basics.md	2:28b625fcf8c1e9de5a5a0f09fd5146148e7ee144878dee70d1b14f409a76f51d	_notes/2025-10-03-tryhackme-python-basics-20251003T000000.md
CompTIA Pentest+/Tools and Code Analysis/TryHackMe  - Python for Pentesters.md	2:ee2b9dbdcce2f5a9fe1c018c3995f6aba89bf7cbf8f314c3ea21024ad8803794	_notes/2025-10-15-tryhackme-python-for-pentesters.md
Cyber Security 101/Build Your Cyber Security Career/20250205T205522--careers-in-cyber__tryhackme.md	2:30dfdd2ff2264800aa6b99c9a2b3c9d5f90d24fa1b815b64deb182ed8b70688c	_notes/2025-02-05-careers-in-cyber-20250205T205522.md
Cyber Security 101/Command Line/20250205T205530--linux-shells__tryhackme.md	2:c3ae7a99a0667c980006b6a09f4c655acce33379c58d3755a74b377738a4b0c9	_notes/2025-02-05-linux-shells-20250205T205530.md
Cyber Security 101/Command Line/20250205T205543--windows-command-line__tryhackme.md	2:ec501f6518e1b510df65aa51e3c4020e8824c8c1c7a8c144c5a507f20ad3d613	_notes/2025-02-05-windows-command-line-20250205T205543.md
Cyber Security 101/Command Line/20250205T211424--windows-powershell__tryhackme.md	2:3210d15129fdc10aeb47d0f5adb45f440f49011851aa3606739a04fee3ddf517	_notes/2025-02-05-windows-powershell-20250205T211424.md
Cyber Security 101/Cryptography/20250205T205524--cryptography-basics__tryhackme.md	2:7b669288a4276ccdacbd82c77394e7b25c31bd10ade1292253a2d2012570b274	_notes/2025-02-05-cryptography-basics-20250205T205524.md
Cyber Security 101/Cryptography/20250205T205526--hashing-basics__tryhackme.md	2:299924d312b4cd7415751bbfc36fc02acdaec4eb164eeb0b8829dde61c9757f0	_notes/2025-02-05-hashing-basics-20250205T205526.md
Cyber Security 101/Cryptography/20250205T205529--john-the-ripper-the-basics__tryhackme.md	2:f81b2c2b002881201d732b6bc46ad89aaa50b0e16b987ca9341ee9b72ffc0380	_notes/2025-02-05-john-the-ripper-the-basics-20250205T205529.md
Cyber Security 101/Cryptography/20250205T205537--public-key-cryptography-basics__tryhackme.md	2:bf202d46e8bd0a68d2535e98e81fb0db2828b07f5802069a4e3d57f5a5822c15	_notes/2025-02-05-public-key-cryptography-basics-20250205T205537.md
Cyber Security 101/Exploitation Basics/20250205T205521--blue__tryhackme.md	2:e6379ddc7972eb9fcb58b114a1a26da488fdab165b1bf9429ef217d4a905cd1b	_notes/2025-02-05-blue-20250205T205521.md
Cyber Security 101/Exploitation Basics/20250205T205523--metasploit-introduction__tryhackme.md	2:15ad2d21671aae7468a4ee8aea2dfa3fe91a435c964e0aa61f0981e64cdab167	_notes/2025-02-05-metasploit-introduction-20250205T205523.md
Cyber Security 101/Exploitation Basics/20250205T205524--metasploit-exploitation__tryhackme.md	2:3e6c7a00b5a7df9ec705ba51c33eaa2b229481748e405b9ac143455397e43182	_notes/2025-02-05-metasploit-exploitation-20250205T205524.md
Cyber Security 101/Exploitation Basics/20250205T205525--moniker-link-cve-2024-21413__tryhackme.md	2:96ee3d54a79468d21864d6145e0cb47c54f0d4bf99476fffc03246ec6434f325	_notes/2025-02-05-moniker-link-cve-2024-21413-20250205T205525.md
Cyber Security 101/Exploitation Basics/20250205T205531--metasploit-meterpreter__tryhackme.md	2:5fd7dd811e8dad4cbe0b62deb1b83c4c19aed10eced8706460eee7df528485c6	_notes/2025-02-05-metasploit-meterpreter-20250205T205531.md
Cyber Security 101/Linux Fundamentals/20250205T211258--linux-fundamentals-part-3__tryhackme.md	2:afa6b32df448f3c03f7d87329b2cd81fd95105ed77e9872de7e7a17bf0f51f21	_notes/2025-02-05-linux-fundamentals-part-3-20250205T211258.md
Cyber Security 101/Linux Fundamentals/20250205T211326--linux-fundamentals-part-2__tryhackme.md	2:364876661fececc7329fd889b6891ad6c66b4bacd199e5789dab7cdf0b69bcac	_notes/2025-02-05-linux-fundamentals-part-2-20250205T211326.md
Cyber Security 101/Networking/20250205T205532--networking-concepts__tryhackme.md	2:e3a18c56134baa60e618d060f94c0015dadccc1ea2dfb9c399723570e387bc41	_notes/2025-02-05-networking-concepts-20250205T205532.md
Cyber Security 101/Networking/20250205T205533--networking-core-protocols__tryhackme.md	2:b3d97880d5c3c2035fdddf2a29bc4ae0b44ad678b0b9c59f3ffec1fa19a9f20d	_notes/2025-02-05-networking-core-protocols-20250205T205533.md
Cyber Security 101/Networking/20250205T205534--networking-essentials__tryhackme.md	2:8be3f31623e3fb1d778134f9b74e7bfac6743721251b561b558ce23e8268f35e	_notes/2025-02-05-networking-essentials-20250205T205534.md
Cyber Security 101/Networking/20250205T205535--networking-secure-protocols__tryhackme.md	2:69aaeb079a14107131171d746f707a6bea94316c357fa925907eca999b836575	_notes/2025-02-05-networking-secure-protocols-20250205T205535.md
Cyber Security 101/Networking/20250205T205536--nmap-the-basics__tryhackme.md	2:4fdb531eed382f063e4b0e0c3b8c4c04028a5301dee41e8b5c5fa038322b860a	_notes/2025-02-05-nmap-the-basics-20250205T205536.md
Cyber Security 101/Networking/20250205T205541--tcpdump-the-basics__tryhackme.md	2:7232d1a47493c6cd4d6f700ae54b29f7755078478335da1ec69e181c4e53e579	_notes/2025-02-05-tcpdump-the-basics-20250205T205541.md
Cyber Security 101/Networking/20250205T205544--wireshark-the-basics__tryhackme.md	2:eea8ebc186af611602c1383d23b6cd763cedf1398a562fa0ef646f27b6374920	_notes/2025-02-05-wireshark-the-basics-20250205T205544.md
Cyber Security 101/Offensive Security Tooling/20250205T205525--gobuster-the-basics__tryhackme.md	2:a3877ba0f86a537c96e986b16327e6405303a739db9524d1f29eae2ac6352df4	_notes/2025-02-05-gobuster-the-basics-20250205T205525.md
Cyber Security 101/Offensive Security Tooling/20250205T205527--hydra__tryhackme.md	2:934510a4befdadc2292e1c46b5fe4c5d8416fadfbaba676afb78ad53e9f1f400	_notes/2025-02-05-hydra-20250205T205527.md
Cyber Security 101/Offensive Security Tooling/20250205T205538--sqlmap-the-basics__tryhackme.md	2:371e34995b7b2fad6b55541d70fa7fd4d6e7c891820f9c48060ebfbae1f55469	_notes/2025-02-05-sqlmap-the-basics-20250205T205538.md
Cyber Security 101/Offensive Security Tooling/20250205T205540--shells-overview__tryhackme.md	2:2244ba6ca7b7c6e6ad25a1689db59e59f1f42862b5eaec955a85522753a831ae	_notes/2025-02-05-shells-overview-20250205T205540.md
Cyber Security 101/Start Your Cyber Security Journey/20250205T205523--defensive-security-intro__tryhackme.md	2:a282d7200773931310aeed356feff8cec597d9eb5649794f2797c404db6e1b68	_notes/2025-02-05-defensive-security-intro-20250205T205523.md
Cyber Security 101/Start Your Cyber Security Journey/20250205T211406--offensive-security-intro__tryhackme.md	2:7ebb175a82ead9bde4c3b824ee1689a38359d7628c49f691b7dd1e2ef585f7a4	_notes/2025-02-05-offensive-security-intro-20250205T211406.md
Cyber Security 101/Web Hacking/20230202T235834--owasp-top-10-2021__tryhackme.md	2:f70992e2f36a778462b16524922acd210ac1f05a63d6e9cc6eb0147b95446e51	_notes/2025-09-04-owasp-top-10-2021-20230202T235834.md
Cyber Security 101/Web Hacking/20250205T205519--burp-suite-the-basics__tryhackme.md	2:77f70ab682b98bb21237f14936510799003123d5fdb2570dd61a5d366bbe8d65	_notes/2025-02-05-burp-suite-the-basics-20250205T205519.md
Cyber Security 101/Web Hacking/20250205T205528--javascript-essentials__tryhackme.md	2:eda1f71fcdc5a5a38be03ef21f2f92fc1b9f450c6bef86cdc602a8962668b93e	_notes/2025-02-05-javascript-essentials-20250205T205528.md
Cyber Security 101/Web Hacking/20250205T205539--sql-fundamentals__tryhackme.md	2:4b4055a4b36b4a861e18aea2cb0a87758e4e45fc69703cae0afc9147e779e648	_notes/2025-02-05-sql-fundamentals-20250205T205539.md
Cyber Security 101/Web Hacking/20250205T205542--web-application-basics__tryhackme.md	2:457d12e796a0bc8e907d0d5bb74cca2b36d4117577643eb38b514dcf604da3de	_notes/2025-02-05-web-application-basics-20250205T205542.md
Cyber Security 101/Windows and AD Fundamentals/20250205T205520--active-directory-basics__tryhackme.md	2:d8b0eabb42ac98aa1c6fda0628068fc60aefe96d6c54fa585e52c02a6a37e050	_notes/2025-02-05-active-directory-basics-20250205T205520.md
Defending Azure/Microsoft Sentinel/20251010T215715--tryhackme-ms-sentinel-introduction.md	2:b0a429bd533727cf36c067776c6058d34ff1ab28547a8567cc867197980e0cee	_notes/2025-10-02-tryhackme-ms-sentinel-introduction-20251002T000000.md
DevSecOps/Container Security/Container Hardening.md	2:7023d7b42c3ed0c345fcaeec613c4c80bd3957af7642d621c0bca9ac80ceb38a	_notes/2025-04-24-container-hardening.md
DevSecOps/Container Security/Container Vulnerabilities.md	2:2317bebb14e79af97c6b428e5da0aeef5fec89004f5076030a3c4ad3ee6d3778	_notes/2025-04-24-container-vulnerabilities.md
DevSecOps/Container Security/Intro to Docker.md	2:4d0d2d6090f1a01b898478777aecd7d357614c193a1ca0cc1facd142719b2b5b	_notes/2025-04-24-intro-to-docker.md
DevSecOps/Container Security/Intro to Kubernetes.md	2:00dfa5483aec9d3c4ffd599a5495abdcb26fe8aea6a7d287aba98a661605f351	_notes/2025-04-24-intro-to-kubernetes.md
DevSecOps/Infrastructure as Code/Cloud-based IaC.md	2:628825426b34815727f885146c17575a5f099112a8d0e2ce254d91613c445d45	_notes/2025-04-27-cloud-based-iac.md
DevSecOps/Infrastructure as Code/Intro to IaC.md	2:85a1ef8af87d577896daf49fda41cabf27f7718784550c5bbf03321987010629	_notes/2025-04-26-intro-to-iac.md
DevSecOps/Infrastructure as Code/On-Premises IaC.md	2:3c50b4f0a8294ac1ce51a7a8059a74b31daac0f441f7e0b2412aff78e0e4d8fb	_notes/2025-04-27-on-premises-iac.md
DevSecOps/Secure Software Development/20250421T000000--sdlc__tryhackme.md	2:5359de948dda402d4c9e5e62ed99641159ed12395edc079146a03816b8ef64be	_notes/2025-04-21-sdlc-20250421T000000.md
DevSecOps/Security in the Pipeline/20250423T000001--dependency-management__tryhackme.md	2:6f22edacfbaf1663b8a2ee9e15edcc4d491ec5afce19e506d6a3dccff0c34d6a	_notes/2025-04-23-dependency-management-20250423T000001.md
DevSecOps/Security of the Pipeline/20250422T000000--intro-to-pipeline-automation__tryhackme.md	2:9c4bff5a99f9d79cdf84465d1904b54e70ee6670d0ec1b230b572a0da0d5f97a	_notes/2025-04-22-intro-to-pipeline-automation-20250422T000000.md
DevSecOps/Security of the Pipeline/20250422T000001--source-code-security__tryhackme.md	2:0c59c384efbca49e3b77c277324e483973787bb5b2bbf56cbaf6a34739746ab9	_notes/2025-04-22-source-code-security-20250422T000001.md
DevSecOps/Security of the Pipeline/20250423T000000--ci-cd-and-build-security__tryhackme.md	2:ae5e6e22a12881952730424d83d7d8a04c5770d875637c679d02f58b2d452c04	_notes/2025-04-23-ci-cd-and-build-security-20250423T000000.md
How the Web Works/20250205T205523--dns-in-detail__tryhackme.md	2:5ea9eec7951140c3fe1d8cc4c607f24930c99700ca9feedd90a7099035a80a1b	_notes/2025-02-05-dns-in-detail-20250205T205523.md
How the Web Works/20250205T205524--putting-it-all-together__tryhackme.md	2:a71bd44e88aa5306a6ae1700a983e193d1e0310ef793850b940e5682a7f94221	_notes/2025-02-05-putting-it-all-together-20250205T205524.md
Introduction to Cyber Security/20250205T205524--careers-in-cyber__tryhackme.md	2:0cfd3711dc9b036eedc0c628129cc23752998cd11eed912cb0a6562ea611074a	_notes/2025-02-05-careers-in-cyber-20250205T205524.md
Introduction to Cyber Security/20250205T205525--intro-to-defensive-security__tryhackme.md	2:176f671927a1b1f902a59c8369f572990a8b7b7c7afea798b03e8b53cabf585f	_notes/2025-02-05-intro-to-defensive-security-20250205T205525.md
Introduction to Cyber Security/20250205T205526--intro-to-offensive-security__tryhackme.md	2:6e6d3129addbb29fea4e5c038d2fdb61eebeb60670cbaaad91d08f7773e43430	_notes/2025-02-05-intro-to-offensive-security-20250205T205526.md
Jr Penetration Tester/Introduction to Pentesting/20250315T000000--principles-of-security__tryhackme.md	2:58aaf9100198221a90cbc0ac09565d6738f088728d3ac2a11e4a85615af6728a	_notes/2025-03-15-principles-of-security-20250315T000000.md
Jr Penetration Tester/Network Security/20250316T000000--active-reconnaissance__tryhackme.md	2:5159d958d1795243447d5b4752b463980d86ea270c39c4dd9eb931ab14b93558	_notes/2025-03-16-active-reconnaissance-20250316T000000.md
Jr Penetration Tester/Network Security/20250316T000001--nmap-live-host-discovery__tryhackme.md	2:79cfb8dfa3d8ca0699288e85dc15dc9f3d5770617d24da960635aaaf778bf69a	_notes/2025-03-16-nmap-live-host-discovery-20250316T000001.md
Jr Penetration Tester/Network Security/20250316T000002--passive-reconnaissance__tryhackme.md	2:2085717c0b2e3da10b9dabfa6bfbf1bb4ffa4bfda4829fac438ccd60b09c3003	_notes/2025-03-16-passive-reconnaissance-20250316T000002.md
Jr Penetration Tester/Network Security/20250317T000000--nmap-advanced-port-scans__tryhackme.md	2:f0a12120330742b46324639350904847431f521cb99205121bb416a05d30f171	_notes/2025-03-17-nmap-advanced-port-scans-20250317T000000.md
Jr Penetration Tester/Network Security/20250317T000001--nmap-basic-port-scans__tryhackme.md	2:b08f5af32f40423cb46c50f9fb7e25569b25b947943f9897c983e60a291c0905	_notes/2025-03-17-nmap-basic-port-scans-20250317T000001.md
Jr Penetration Tester/Network Security/20250317T000002--nmap-post-port-scans__tryhackme.md	2:760ee24750f8bf800e8925b57294120b6eb335bf27e9e105d470ec262b385873	_notes/2025-03-17-nmap-post-port-scans-20250317T000002.md
Jr Penetration Tester/Network Security/20250318T000000--protocols-and-servers__tryhackme.md	2:e57b9c55bb91afee3699eeeb9d66891355912d035524d5f10c447e323fb8717e	_notes/2025-03-18-protocols-and-servers-20250318T000000.md
Jr Penetration Tester/Network Security/20250319T000001--net-sec-challenge__tryhackme.md	2:fba91710c89b6a83f21b9c3186194ad11df39d3d551f362a4189315d8a2c2701	_notes/2025-03-19-net-sec-challenge-20250319T000001.md
Jr Penetration Tester/Network Security/20250319T000002--protocols-and-servers-2__tryhackme.md	2:4d5b3df809f930620f4d5c240efcadc64b2012f78f143b04a0539744baf9572c	_notes/2025-03-19-protocols-and-servers-2-20250319T000002.md
Jr Penetration Tester/Privilege Escalation/20250321T000000--linux-privilege-escalation__tryhackme.md	2:aa599a51473652cd4ab10455ab225868df43acc2aace62fb00e51d1e3d7d5027	_notes/2025-03-21-linux-privilege-escalation-20250321T000000.md
Jr Penetration Tester/Privilege Escalation/20250321T000001--what-the-shell__tryhackme.md	2:a77e920d26ea5f89ac2f288467ce052c0b37b777fd60c7b60a37e03936f8d2b2	_notes/2025-03-21-what-the-shell-20250321T000001.md
Jr Penetration Tester/Privilege Escalation/20250321T000002--windows-privilege-escalation__tryhackme.md	2:60fb66f30bdf62a266386d6bdeb6d37de19b469a5952cde9deaac05e8b78deb4	_notes/2025-03-21-windows-privilege-escalation-20250321T000002.md
Jr Penetration Tester/Vulnerability Research/20250319T000000--exploit-vulnerabilities__tryhackme.md	2:2a1305556fc0a3d2f9eeac0f523accc78cb5f1226d660f9a0562d66832c3477c	_notes/2025-03-19-exploit-vulnerabilities-20250319T000000.md
Jr Penetration Tester/Vulnerability Research/20250319T000003--vulnerabilities-101__tryhackme.md	2:6579205a10cc5dcdde60a5c54f2c3d5f76f8276455f673cf546127152f4cd742	_notes/2025-03-19-vulnerabilities-101-20250319T000003.md
Jr Penetration Tester/Vulnerability Research/20250319T000004--vulnerability-capstone__tryhackme.md	2:7e279d8965982b35f3cdb405aafe818d06a7878c1c1eccc5fbd60ee8dc94e941	_notes/2025-03-19-vulnerability-capstone-20250319T000004.md
Learn/Anthem/TryHackMe  - Anthem.md	2:2b78934c446cb9142d6235c1cebc066f8d29871bb23def48f3ed92999db9fb88	_notes/2025-10-19-tryhackme-anthem.md
Learn/HTTP in Detail/20250908T000000--http-in-detail__tryhackme.md	2:9a5ecd79b921edb0e2cb1641415f9b6069f361a8acb343a6a946627db7a3b5a6	_notes/2025-09-08-http-in-detail-20250908T000000.md
Learn/Linux Fundamentals Part 1/20250904T000000--tryhackme-linux-fundamentals-part-1__tryhackme.md	2:1d7829c21ff7544e7cda96aee8f070ac48a4ce4e116c3ea09a26b236e7ad1c12	_notes/2025-09-04-tryhackme-linux-fundamentals-part-1-20250904T000000.md
Learn/Linux Fundamentals Part 2/20250904T000001--tryhackme-linux-fundamentals-part-2__tryhackme.md	2:fb70740705fb840b937659e58be053099ff7fe464123f75854a8c4b0f43f79f9	_notes/2025-09-04-tryhackme-linux-fundamentals-part-2-20250904T000001.md
Learn/Linux Fundamentals Part 3/20250904T000002--tryhackme-linux-fundamentals-part-3__tryhackme.md	2:4a7976cacee25b2cb3863dd9afa6cfc8c0f5c26bc0f89f6ef3103735a8c12330	_notes/2025-09-04-tryhackme-linux-fundamentals-part-3-20250904T000002.md
Network Exploitation Basics/20250205T205524--introductory-networking__tryhackme.md	2:08a03df2bcf7315f609263e0313b6563b32b8bfbbecc3c8e6f648ae19e05a6e7	_notes/2025-02-05-introductory-networking-20250205T205524.md
Network Exploitation Basics/20250205T205525--nmap__tryhackme.md	2:4c9d566926e11fa0ec31dabd1d15e993c7bfc9256039afa7e72d7ae970427b50	_notes/2025-02-05-nmap-20250205T205525.md
Network Fundamentals/20250205T205523--extending-your-network__tryhackme.md	2:a0c998e27dbb7006af5feeebc33c8669e4d096c6a0de8720db2dde28594e81e2	_notes/2025-02-05-extending-your-network-20250205T205523.md
Network Fundamentals/20250205T205524--intro-to-lan__tryhackme.md	2:90b19f38975d78d094a4f4eb158cb3f71cbb087bb7f2d5a646919857c5d74fd4	_notes/2025-02-05-intro-to-lan-20250205T205524.md
Network Fundamentals/20250205T205525--osi-model__tryhackme.md	2:404da7a863de63f2e7122fd49ad53c1b4f41ecddb6da7ff0814fe01da5e9d7dd	_notes/2025-02-05-osi-model-20250205T205525.md
Network Fundamentals/20250205T205526--packets-frames__tryhackme.md	2:cce0d5bd6d4860ff1c5b9272565427dc9ad3ba2334c0c3201b2ef5c7adbf11c8	_notes/2025-02-05-packets-frames-20250205T205526.md
Network Fundamentals/20250205T205527--what-is-networking__tryhackme.md	2:c8f97f4cefd1fbe4a402dd7a381d685a3ac5a0f2c1ee2aeda3036b52a0012909	_notes/2025-02-05-what-is-networking-20250205T205527.md
Red Teaming/Compromising Active Directory/20250808T000000--tryhackme-lateral-movement-and-pivoting__tryhackme.md	2:de76b511b1d09f38a86b89b371d1f0ca8c9689bb79a0e9c1071a29aaf8019cca	_notes/2025-08-08-tryhackme-lateral-movement-and-pivoting-20250808T000000.md
Red Teaming/Compromising Active Directory/20250809T000000--tryhackme-exploiting-active-directory__tryhackme.md	2:3a96922de3a0bde64a1cd523023ad9e805881550911f9fbf8b3e93a4330093ce	_notes/2025-08-09-tryhackme-exploiting-active-directory-20250809T000000.md
Red Teaming/Compromising Active Directory/20250811T000000--tryhackme-persisting-active-directory__tryhackme.md	2:6b40dd8b68163fdba036c851c0fa3b785b3d78934ba8b1cfe4ccba209c4e2c87	_notes/2025-08-11-tryhackme-persisting-active-directory-20250811T000000.md
Red Teaming/Compromising Active Directory/20250827T000000--tryhackme-breaching-active-directory__tryhackme.md	2:eac63a7cae9b7947280153c03a5e5d0a1243247fdc67f9d7111c50478aa1784f	_notes/2025-08-27-tryhackme-breaching-active-directory-20250827T000000.md
Red Teaming/Compromising Active Directory/20250827T000001--tryhackme-credentials-harvesting__tryhackme.md	2:f66b57df3b0234f7992c86fb2b3860b70e68c825611aaf6314931df68cbc1e0c	_notes/2025-08-27-tryhackme-credentials-harvesting-20250827T000001.md
Red Teaming/Compromising Active Directory/20250827T000002--tryhackme-enumerating-active-directory__tryhackme.md	2:846b7a9e35e2be0da2b3aae879ae62b9e2e145fa1a8adef5656a767592ecc761	_notes/2025-08-27-tryhackme-enumerating-active-directory-20250827T000002.md
Red Teaming/Host Evasions/20250812T000001--tryhackme-introduction-to-windows-api__tryhackme.md	2:ac4dda3a318df0c806e6c21d0b1d0f37c42aad4834859510c503ef1c32b20aa0	_notes/2025-08-12-tryhackme-introduction-to-windows-api-20250812T000001.md
Red Teaming/Host Evasions/20250814T000000--tryhackme-abusing-windows-internals__tryhackme.md	2:b04d418eef89d1b9c944f559fe232e776a3ce1c82e4b338de1b5dc18d64994cd	_notes/2025-08-14-tryhackme-abusing-windows-internals-20250814T000000.md
Red Teaming/Host Evasions/20250816T000000--tryhackme-av-evasion-shellcode__tryhackme.md	2:957df435b776e27cfa55901991ce273aac4ebca10e02b65f95ad84d33e074fd0	_notes/2025-08-16-tryhackme-av-evasion-shellcode-20250816T000000.md
Red Teaming/Host Evasions/20250816T000001--tryhackme-introduction-to-antivirus__tryhackme.md	2:806b69a97de97b3d656e9eb0e658605d91afc8c359f88671ddeb5e8c10640232	_notes/2025-08-16-tryhackme-introduction-to-antivirus-20250816T000001.md
Red Teaming/Host Evasions/20250818T000000--tryhackme-obfuscation-principles__tryhackme.md	2:e41579f1b19163c856eafeb4b2aed6998ba691d07a7db85695965cdfed1840a3	_notes/2025-08-18-tryhackme-obfuscation-principles-20250818T000000.md
Red Teaming/Host Evasions/20250819T000000--tryhackme-signature-evasion__tryhackme.md	2:ef0b36d754bfc7a7645fd63146af5bf43738e0144f7f793675470b2e4bc4a108	_notes/2025-08-19-tryhackme-signature-evasion-20250819T000000.md
Red Teaming/Host Evasions/20250820T000000--tryhackme-bypassing-uac__tryhackme.md	2:175770a3fa44e1400f634e15461207cbbeab72cdf7df278dd72fc7aaddfa8be4	_notes/2025-08-20-tryhackme-bypassing-uac-20250820T000000.md
Red Teaming/Host Evasions/20250821T000000--tryhackme-evading-logging-and-monitoring__tryhackme.md	2:8e13ada6e9f79be3e1e49df5a19a3ec46cd3eb47c41939820edd534732e7d43b	_notes/2025-08-21-tryhackme-evading-logging-and-monitoring-20250821T000000.md
Red Teaming/Host Evasions/20250821T000001--tryhackme-runtime-detection-evasion__tryhackme.md	2:7510a12bbf419d175195e6461aeaadb0cd21b5f672a526f38e7fa05d2ca13c16	_notes/2025-08-21-tryhackme-runtime-detection-evasion-20250821T000001.md
Red Teaming/Host Evasions/20250823T000000--tryhackme-living-off-the-land__tryhackme.md	2:9fb63dcca8c9053b04e21a194247d158b8cde1beeaec1895fbead83ccb633c97	_notes/2025-08-23-tryhackme-living-off-the-land-20250823T000000.md
Red Teaming/Initial Access/20250727T000000--tryhackme-weaponization__tryhackme.md	2:416290ca56098f048b7866ad4409779271478b75e4659b6b73eae91e3da6997e	_notes/2025-07-27-tryhackme-weaponization-20250727T000000.md
Red Teaming/Initial Access/20250727T000001--tryhackme-red-team-recon__tryhackme.md	2:cb264b28811d1afd5b9452509da1610f6bed518f2bbe93c1e22a066b1e4180a7	_notes/2025-07-27-tryhackme-red-team-recon-20250727T000001.md
Red Teaming/Initial Access/TryHackMe  - Password Attacks.md	2:c5f567dfa73f0837aa5b4ed4473cac8238504bab03d7abcc856d66bf0c00f03b	_notes/2025-07-29-tryhackme-password-attacks.md
Red Teaming/Initial Access/TryHackMe  - Phishing.md	2:f72bbdba435254b3900ea254a66d4f80fe589b6189bdc6e841f74d3c82ceb8c8	_notes/2025-01-01-tryhackme-phishing.md
Red Teaming/Network Security Evasion/20250824T000000--tryhackme-network-security-solutions__tryhackme.md	2:b95e977053a7dbdb7d0d268ffdc35f71a25d8ef130a33936b2ff1ec75ce6a7c8	_notes/2025-08-24-tryhackme-network-security-solutions-20250824T000000.md
Red Teaming/Network Security Evasion/20250825T000000--tryhackme-firewalls__tryhackme.md	2:771eebdf237e80aa07672920f04bfd1c4fcfd7aa2d3dde17b7df9f37db0f5be2	_notes/2025-08-25-tryhackme-firewalls-20250825T000000.md
Red Teaming/Network Security Evasion/20250826T000000--tryhackme-sandbox-evasion__tryhackme.md	2:76deebb9a78d79e42f5b94e7770248a3d24675b0186342792db34e34e4f3bc3f	_notes/2025-08-26-tryhackme-sandbox-evasion-20250826T000000.md
Red Teaming/Post Compromise/20250804T000000--tryhackme-enumeration__tryhackme.md	2:b4fea128e3e1f9177892cb66af440cbc597f3cd177226cb1e8d089fe96341778	_notes/2025-08-04-tryhackme-enumeration-20250804T000000.md
Red Teaming/Post Compromise/20250806T000000--tryhackme-windows-local-persistence__tryhackme.md	2:21940940f5fe8c11673d5e58ae26026284d55eb0d1f49c058a683408f5f66791	_notes/2025-08-06-tryhackme-windows-local-persistence-20250806T000000.md
Red Teaming/Post Compromise/20250812T000000--tryhackme-data-exfiltration__tryhackme.md	2:7a30644599277e5abcdc7940f869be49e27f4df08b8db427afda1d5ee95f5295	_notes/2025-08-12-tryhackme-data-exfiltration-20250812T000000.md
Red Teaming/Post Compromise/TryHackMe  - Enumeration.md	2:503bc3756155558704d0c8fb5d91e3ff575bacbd86f6cddce2e9177d2f6a0d06	_notes/2025-01-01-tryhackme-enumeration.md
Red Teaming/Post Compromise/TryHackMe  - The Lay of the Land.md	2:32ccdddea04a75de449e9304a11435266c5923e571e8017dbff632d3a47d4bb9	_notes/2025-01-01-tryhackme-the-lay-of-the-land.md
Red Teaming/Red Team Fundamentals/20250721T000000--tryhackme-red-team-engagements__tryhackme.md	2:4a4090776039ae28b98131eea69945e1948dc82c5e31c2ba45ff6d71f77fdcd0	_notes/2025-07-21-tryhackme-red-team-engagements-20250721T000000.md
Red Teaming/Red Team Fundamentals/20250721T000001--tryhackme-red-team-fundamentals__tryhackme.md	2:e80bfe32db67ad9da0935be0428bd89df6237968c6a6ad0450b898b9e4035a56	_notes/2025-07-21-tryhackme-red-team-fundamentals-20250721T000001.md
Red Teaming/Red Team Fundamentals/20250721T000002--tryhackme-red-team-threat-intel__tryhackme.md	2:a6370c6f7a7bfd74002843384ad1b98c3c4a8fa6074b3af9e6b62ca1f2a0996e	_notes/2025-07-21-tryhackme-red-team-threat-intel-20250721T000002.md
Red Teaming/Red Team Fundamentals/20250723T000000--tryhackme-intro-to-c2__tryhackme.md	2:949ccaf69efdf69f3b8deb2bee30a75c3f1ad7700e0466f841b58177657e77c7	_notes/2025-07-23-tryhackme-intro-to-c2-20250723T000000.md
Red Teaming/Red Team Fundamentals/20250723T000001--tryhackme-red-team-opsec__tryhackme.md	2:94ab19cfac4c1091756bfe5a859d5a8e06d9c441b999f2a2e6232d6fadc83c0a	_notes/2025-07-23-tryhackme-red-team-opsec-20250723T000001.md
SOC Level 1/Blue Team Introduction/TryHackMe  - Humans as Attack Vectors.md	2:bc8b3799670be15653a98a9f5ae4e49194016dca744c2145f31e50a4aa5f8292	_notes/2025-11-09-tryhackme-humans-as-attack-vectors.md
SOC Level 1/Blue Team Introduction/TryHackMe  - SOC Role in Blue Team.md	2:e123bd3849d7913816f7c10c3ccd616d5dc6b597ddde88a83e1d08bfa369d4d8	_notes/2025-11-07-tryhackme-soc-role-in-blue-team.md
SOC Level 1/Blue Team Introduction/TryHackMe  - Systems as Attack Vectors.md	2:858fa8ac90b7dd9ba75549521752411c7a7bd7b97ff6385114d0f8170102f3a4	_notes/2025-11-11-tryhackme-systems-as-attack-vectors.md
SOC Level 1/Core SOC Solutions/Elastic Stack.md	2:75d024763df9e2b526ec3ba3afea844d6462905451e44e205c2e2f880b90c532	_notes/2025-11-25-elastic-stack.md
SOC Level 1/Core SOC Solutions/Introduction to EDR.md	2:a831b15e7f4d3c7135185ac80bcccaa4a6c74e4c25f6bd896608ecc2b04db373	_notes/2025-11-25-introduction-to-edr.md
SOC Level 1/Core SOC Solutions/TryHackMe  - Elastic Stack - The Basics.md	2:b6021208d85cc5ba79a809463cea70223e8387e9a74a094ceae6a29fc83b8b2b	_notes/2025-11-25-tryhackme-elastic-stack-the-basics.md
SOC Level 1/Core SOC Solutions/TryHackMe  - Introduction to SOAR.md	2:e9f85e46e415ed37baeffc0309be5f53f4923f3bd0af4b48d2783c54f49f2d83	_notes/2025-11-25-tryhackme-introduction-to-soar.md
SOC Level 1/Cyber Defense Frameworks/20250205T205520--cyber-kill-chain__tryhackme.md	2:a55f963e77c2acd04b4061100333e9906863e5f81f1a2a3630d623dd326b8886	_notes/2025-02-05-cyber-kill-chain-20250205T205520.md
SOC Level 1/Cyber Defense Frameworks/20250205T205522--eviction__tryhackme.md	2:2681cc6cf3e788f371167f4db2847185d96616c0c3d2ea2efc8e7467db3d349b	_notes/2025-02-05-eviction-20250205T205522.md
SOC Level 1/Cyber Defense Frameworks/20250205T205523--diamond-model__tryhackme.md	2:07cfe68bb3c6fb7897db8deaa9ea7c58d327e7e6c48c12db574415db03b6c6cf	_notes/2025-02-05-diamond-model-20250205T205523.md
SOC Level 1/Cyber Defense Frameworks/20250205T205525--junior-security-analyst-intro__tryhackme.md	2:a420d5d5c6873d9af01cd9f0d6d911d4564a4c3dde02fecbe26a7af84c1ef658	_notes/2025-02-05-junior-security-analyst-intro-20250205T205525.md
SOC Level 1/Cyber Defense Frameworks/20250205T205527--mitre__tryhackme.md	2:216a4313fe43d3071f63fb5a4d07e0c7bcc0b95e23aa5978b7cad63a55f8858a	_notes/2025-02-05-mitre-20250205T205527.md
SOC Level 1/Cyber Defense Frameworks/20250205T205530--pyramid-of-pain__tryhackme.md	2:1ee6a7f36ebfaacee6245d6e151f2f9369ff2f38aac7b1b3801c990f8ba7e3cb	_notes/2025-02-05-pyramid-of-pain-20250205T205530.md
SOC Level 1/Cyber Defense Frameworks/20250205T205534--summit__tryhackme.md	2:9e2a8345c9188260feb428829815a60577b8e20821745d1655bc440f760ffe3f	_notes/2025-02-05-summit-20250205T205534.md
SOC Level 1/Cyber Defense Frameworks/20250205T205538--unified-kill-chain__tryhackme.md	2:ce878a515298f5c9b3d21ed13c3b68fe899f83ab6f947df64b77bfa3ada49925	_notes/2025-02-05-unified-kill-chain-20250205T205538.md
SOC Level 1/Cyber Threat Intelligence/20250205T205519--intro-to-cyber-threat-intel__tryhackme.md	2:41d68f6ac54fa0ac8d0c82bddbd30da2f0772eccdcb6c8a0251202422c4a2d92	_notes/2025-02-05-intro-to-cyber-threat-intel-20250205T205519.md
SOC Level 1/Cyber Threat Intelligence/20250205T205524--friday-overtime__tryhackme.md	2:2d25fb1288e00e5656b6837002039362fbe618ccb067372f171269c2ebeebcfa	_notes/2025-02-05-friday-overtime-20250205T205524.md
SOC Level 1/Cyber Threat Intelligence/20250205T205526--misp__tryhackme.md	2:e3bf8421d854b8dd361c4b6b3cea69b864ccee17d898a294f300082d10584877	_notes/2025-02-05-misp-20250205T205526.md
SOC Level 1/Cyber Threat Intelligence/20250205T205529--opencti__tryhackme.md	2:baa42830dd65cfa6e3148d17ab866b343ed8537e0fc1b4f5d5a90fa39f9b299d	_notes/2025-02-05-opencti-20250205T205529.md
SOC Level 1/Cyber Threat Intelligence/20250205T205535--threat-intelligence-tools__tryhackme.md	2:cbbe2aabab901684738793b949dfa919319fe235efca3524457785359e58df9e	_notes/2025-02-05-threat-intelligence-tools-20250205T205535.md
SOC Level 1/Cyber Threat Intelligence/20250205T205537--trooper__tryhackme.md	2:1cde8f1f95938457b25b1ab7381edfead462a486f6e6fc04af8300dc6445ee91	_notes/2025-02-05-trooper-20250205T205537.md
SOC Level 1/Cyber Threat Intelligence/20250205T205539--yara__tryhackme.md	2:e816d9d8f3e3c3e10bb183c1023c4acc00aa1c83007eb2de1fbe5a5ef83d116b	_notes/2025-02-05-yara-20250205T205539.md
SOC Level 1/Digital Forensics and Incident Response/20250213T000001--dfir-an-introduction__tryhackme.md	2:fb4e75a0e0305f0588a83a2c1310e1cc0ead501428a297d55ae5ef5d5b3fcb88	_notes/2025-02-13-dfir-an-introduction-20250213T000001.md
SOC Level 1/Digital Forensics and Incident Response/20250214T000000--windows-forensics-1__tryhackme.md	2:f46a920a46586966e716aa99938e94b4cf097236a766f2f399b6a3068c4a2eec	_notes/2025-02-14-windows-forensics-1-20250214T000000.md
SOC Level 1/Digital Forensics and Incident Response/20250215T000000--windows-forensics-2__tryhackme.md	2:0971538aaad1812bdc7af451df01122fc0659a69fb332e6e845c393c002be852	_notes/2025-02-15-windows-forensics-2-20250215T000000.md
SOC Level 1/Digital Forensics and Incident Response/20250218T190000--linux-forensics__tryhackme.md	2:4538f30615cc8c4c16893d3ecd7f36f1954d53e94b9e46c523964070e929ca5e	_notes/2025-02-18-linux-forensics-20250218T190000.md
SOC Level 1/Digital Forensics and Incident Response/20250219T000000--autopsy__tryhackme.md	2:97c9448082d49901f71b55fe4a820ef2bf6c10791e3e93b6741147d8c453086d	_notes/2025-02-19-autopsy-20250219T000000.md
SOC Level 1/Digital Forensics and Incident Response/20250221T000000--kape__tryhackme.md	2:391f44f1f42ce24e637239d9b744e1ff3b81190a68807946b60d06ae2c6e140b	_notes/2025-02-21-kape-20250221T000000.md
SOC Level 1/Digital Forensics and Incident Response/20250221T000001--redline__tryhackme.md	2:872d16b41b257bef39def05dd3aa91a79453c2abe44de503d5cbf2b0512b8ad9	_notes/2025-02-21-redline-20250221T000001.md
SOC Level 1/Digital Forensics and Incident Response/20250223T000000--intro-to-malware-analysis__tryhackme.md	2:48f718dbb1270172dd66d76220f78b2ca591177fbc8ee4d107a9125566ca6ca8	_notes/2025-02-23-intro-to-malware-analysis-20250223T000000.md
SOC Level 1/Digital Forensics and Incident Response/20250223T000001--thehive-project__tryhackme.md	2:accc30eb018e76496f2170035da5862e9f09cc4a510caad65dbac38c13c3e46f	_notes/2025-02-23-thehive-project-20250223T000001.md
SOC Level 1/Digital Forensics and Incident Response/20250223T000002--velociraptor__tryhackme.md	2:b92f92b1da86c5d09010ec448aaa98bbe1aab3bf8ab12a55c4e352ab40d34dbc	_notes/2025-02-23-velociraptor-20250223T000002.md
SOC Level 1/Digital Forensics and Incident Response/20250223T000003--volatility__tryhackme.md	2:5cf6325d34e3d114348e8bfc1ea1a0e8195e68d44e2a423f34e8e66dc755252f	_notes/2025-02-23-volatility-20250223T000003.md
SOC Level 1/Digital Forensics and Incident Response/20250225T000000--unattended__tryhackme.md	2:ab3691d9ae5693b66e5e210ddbc433043797e24087de4d2ae84caa763b488d86	_notes/2025-02-25-unattended-20250225T000000.md
SOC Level 1/Digital Forensics and Incident Response/20250228T000000--disgruntled__tryhackme.md	2:733a1a0d6592dfd6b3f9077e98bd772ad0adbaa5682772c758ab81996fb53d04	_notes/2025-02-28-disgruntled-20250228T000000.md
SOC Level 1/Digital Forensics and Incident Response/20250302T000003--critical__tryhackme.md	2:04ab3e5529dd1cafeb2833b71c76f35200511cbb1a6293c3ceacba2da560ab92	_notes/2025-03-02-critical-20250302T000003.md
SOC Level 1/Digital Forensics and Incident Response/20250302T000010--secret-recipe__tryhackme.md	2:5c08ecde680ea306d875e74c3a5efaaee327d3b50ee4093458d1b86c53f59622	_notes/2025-03-02-secret-recipe-20250302T000010.md
SOC Level 1/Endpoint Security Monitoring/20250207T190000--intro-to-endpoint-security__tryhackme.md	2:abd3df54e7c84a4a66e67d58909d2241d93f3dc9e6462b5073fbe43724e3847d	_notes/2025-02-07-intro-to-endpoint-security-20250207T190000.md
SOC Level 1/Endpoint Security Monitoring/20250208T190000--core-windows-processesy__tryhackme.md	2:f8cbb96b03bc999445fdc12290511ed449bdfdf0b8eca1db33b12d67f8668371	_notes/2025-02-08-core-windows-processesy-20250208T190000.md
SOC Level 1/Endpoint Security Monitoring/20250210T000000--sysinternals__tryhackme.md	2:15b562c8599b534974bc003e69f75e1bacb59fb7bfe818295d31377e2ec9fff2	_notes/2025-02-10-sysinternals-20250210T000000.md
SOC Level 1/Endpoint Security Monitoring/20250212T000001--monday-monitor__tryhackme.md	2:7b641f07a2fa7435db9fc56c79270a8d0d47beda056377d6b6ef1734125b6755	_notes/2025-02-12-monday-monitor-20250212T000001.md
SOC Level 1/Endpoint Security Monitoring/20250212T000002--osquery-the-basics__tryhackme.md	2:cf10167a3c20f6a181440472f0e4df5e9d7b5a74beefe2c724afb539b6d32730	_notes/2025-02-12-osquery-the-basics-20250212T000002.md
SOC Level 1/Endpoint Security Monitoring/20250212T000003--retracted__tryhackme.md	2:f0be618105f7f198e7f3ab1034606ab07ce519c5a06f13bd183d9797f24159a3	_notes/2025-02-12-retracted-20250212T000003.md
SOC Level 1/Endpoint Security Monitoring/20250212T000004--sysmon__tryhackme.md	2:ae321f051d49475ff4b4040e22018a68846fbf7e458d192013847d5728cb6ac2	_notes/2025-02-12-sysmon-20250212T000004.md
SOC Level 1/Endpoint Security Monitoring/20250212T000005--wazuh__tryhackme.md	2:c5d6e2f5ddc6f6e102e96c545304fc84250512d57c3ea85d16e4005bc4b33ecd	_notes/2025-02-12-wazuh-20250212T000005.md
SOC Level 1/Endpoint Security Monitoring/20250212T000006--windows-event-logs__tryhackme.md	2:50b3d1db93bbddf58582ab10187a3b871273bbdd5bc8a94f491d450c09d61874	_notes/2025-02-12-windows-event-logs-20250212T000006.md
SOC Level 1/Linux Security Monitoring/20260130T000000--tryhackme-linux-logging-for-soc__learning_notes_tryhackme.md	2:5721fcd3ea346055c775f0aa421938f9d481710870b4c62cc5aea79b89431e8d	_notes/2026-01-30-tryhackme-linux-logging-for-soc-20260130T000000.md
SOC Level 1/Linux Security Monitoring/20260201T000000--tryhackme-linux-threat-detection-1__learning_notes_tryhackme.md	2:f258c8924cd73aaabe91580f8ee8e137b43ab0c9059b6cbee617859222aa9883	_notes/2026-02-01-tryhackme-linux-threat-detection-1-20260201T000000.md
SOC Level 1/Linux Security Monitoring/20260207T000000--tryhackme-linux-threat-detection-2__learning_notes_tryhackme.md	2:6cab16d074a1955ef0de240c8b752ff1af1f23dfe32f78a231e3ccffcc3334d4	_notes/2026-02-07-tryhackme-linux-threat-detection-2-20260207T000000.md
SOC Level 1/Linux Security Monitoring/20260212T000000--tryhackme-linux-threat-detection-3__learning_notes_tryhackme.md	2:6a1912b37d381853e0f46051430f0994147fd5796f7ed92f51043cceae024abb	_notes/2026-02-12-tryhackme-linux-threat-detection-3-20260212T000000.md
SOC Level 1/Network Security and Traffic Analysis/20250205T205521--brim__tryhackme.md	2:01884c0c6da61e1bef4fb8371d68abccad658799ff4ce7e7f9ea3a66afc134bb	_notes/2025-02-05-brim-20250205T205521.md
SOC Level 1/Network Security and Traffic Analysis/20250205T205528--networkminer__tryhackme.md	2:6cf3c831230dbc758ee8fc93904028b875bf75a1e6393abea5d53b0599e4a7d2	_notes/2025-02-05-networkminer-20250205T205528.md
SOC Level 1/Network Security and Traffic Analysis/20250205T205531--snort__tryhackme.md	2:329baa3d021529d6a0ce4b5dd6ed9594638626a38ea6a0cebb25b26750db74ee	_notes/2025-02-05-snort-20250205T205531.md
SOC Level 1/Network Security and Traffic Analysis/20250205T205532--snort-challenge-live-attacks__tryhackme.md	2:6577fdbd9e6a772d5fb1d3e590b3a3f6c5a68ad598a86b20bbd692499457743c	_notes/2025-02-05-snort-challenge-live-attacks-20250205T205532.md
SOC Level 1/Network Security and Traffic Analysis/20250205T205533--snort-challenge-the-basics__tryhackme.md	2:f0606bc88b098df184dbc6fdd08e5652fbe00f5407184fa4dd3f940a5334cf4c	_notes/2025-02-05-snort-challenge-the-basics-20250205T205533.md
SOC Level 1/Network Security and Traffic Analysis/20250205T205536--traffic-analysis-essentials__tryhackme.md	2:3a34fe165dd4a080ca9a8d6b86245c93f425c7f786ccb3010c04d96bde9693c8	_notes/2025-02-05-traffic-analysis-essentials-20250205T205536.md
SOC Level 1/Network Security and Traffic Analysis/20250205T210039--zeek-exercises__tryhackme.md	2:abde0417a4ab5a0ee1685391875be8fe6812b35707a713ff6aa2ff0c1f7b4623	_notes/2025-02-05-zeek-exercises-20250205T210039.md
SOC Level 1/Network Security and Traffic Analysis/20250205T210049--zeek__tryhackme.md	2:045b790ed43c8f965352c55593197c80652fb91b45f6b73d57a7f3f1e929a081	_notes/2025-02-05-zeek-20250205T210049.md
SOC Level 1/Network Security and Traffic Analysis/20250205T211615--wireshark-packet-operations__tryhackme.md	2:86ee3072f1fc4fa6ce90d7f7141d87147d5f2589432ca913132fe8703bc674cc	_notes/2025-02-05-wireshark-packet-operations-20250205T211615.md
SOC Level 1/Network Security and Traffic Analysis/20250207T000000--tshark-the-basics__tryhackme.md	2:3a1f528120fa625635b501529b735119d449f13dbc489515d1676142528883ee	_notes/2025-02-07-tshark-the-basics-20250207T000000.md
SOC Level 1/Network Security and Traffic Analysis/20250207T000001--wireshark-traffic-analysis__tryhackme.md	2:c3f65c53be8242b6696f174404b744d1b54fea05bac2f21e969620af259ef776	_notes/2025-02-07-wireshark-traffic-analysis-20250207T000001.md
SOC Level 1/Network Security and Traffic Analysis/20250207T190001--tshark-challenge-i-teamwork__tryhackme.md	2:a7f2c3cecabefd31e93052c9e252532e2359dc87be1ba172475ae1808760c5e8	_notes/2025-02-07-tshark-challenge-i-teamwork-20250207T190001.md
SOC Level 1/Network Security and Traffic Analysis/20250207T190002--tshark-cli-wireshark-features__tryhackme.md	2:60d6c9c9e610fc175a9416bc48ce42a9389bdf6bf94b93ef368deabcec2baeb7	_notes/2025-02-07-tshark-cli-wireshark-features-20250207T190002.md
SOC Level 1/Network Security and Traffic Analysis/20250208T000000--tshark-challenge-ii-directory__tryhackme.md	2:6a735df7d88dc64a0ae952975708379dc5f444e7c1cc0c8fc0014578d8222738	_notes/2025-02-08-tshark-challenge-ii-directory-20250208T000000.md
SOC Level 1/Phishing/20250302T000005--phishing-analysis-fundamentals__tryhackme.md	2:59a59c37584ca993ab11e3c2f312d7c0047392ad7c37bdd866a25489068cdd87	_notes/2025-03-02-phishing-analysis-fundamentals-20250302T000005.md
SOC Level 1/Phishing/20250302T000006--phishing-analysis-tools__tryhackme.md	2:19d471ccd572450260c658f9f3e29e90701e2e57add66eb0bf0b654f14afb551	_notes/2025-03-02-phishing-analysis-tools-20250302T000006.md
SOC Level 1/Phishing/20250302T000007--phishing-emails-in-action__tryhackme.md	2:82141c0300912944df79ff3b26b413ca39d07a1b74b3f39e1d7532411e80647a	_notes/2025-03-02-phishing-emails-in-action-20250302T000007.md
SOC Level 1/Phishing/20250302T000008--phishing-prevention__tryhackme.md	2:890b2185920b53140c5f1f0b6fb10025b9d24c6775bd3cf98f22a3d5ec972e39	_notes/2025-03-02-phishing-prevention-20250302T000008.md
SOC Level 1/Phishing/20250302T000011--snapped-phish-ing-line__tryhackme.md	2:d96069be27a1e833f8bafd3cb9b4d6dabae4e75ab0c3af21608619b7e1ebbdd5	_notes/2025-03-02-snapped-phish-ing-line-20250302T000011.md
SOC Level 1/Phishing/20250302T000013--the-greenholt-phish__tryhackme.md	2:0d2654957b803382f17893890311794cb34bffd0fc96df305e6c0d9954d442fb	_notes/2025-03-02-the-greenholt-phish-20250302T000013.md
SOC Level 1/SOC Level 1 Capstone Challenges/20250302T000000--boogeyman-1__tryhackme.md	2:b42972cb43573f1522decc94e6cee4d58a4c4dc2ef1ec798cbe8ae33ccd10948	_notes/2025-03-02-boogeyman-1-20250302T000000.md
SOC Level 1/SOC Level 1 Capstone Challenges/20250302T000001--boogeyman-2__tryhackme.md	2:bf3024e03294724288af4f0228ceb6861feac1b1beea81e3fac27ebbcbeb40de	_notes/2025-03-02-boogeyman-2-20250302T000001.md
SOC Level 1/SOC Level 1 Capstone Challenges/20250302T000002--boogeyman-3__tryhackme.md	2:c19dcaf016e7eb5359aacfdebbe7c207eede24b814daeb98b3ed221c1d876503	_notes/2025-03-02-boogeyman-3-20250302T000002.md
SOC Level 1/SOC Level 1 Capstone Challenges/20250302T000012--tempest__tryhackme.md	2:ecc1b7c274c8ce56a5a70c97745f5ba8fd0f878ae24f447c44a365f248ce2ae1	_notes/2025-03-02-tempest-20250302T000012.md
SOC Level 1/SOC Team Internals/TryHackMe  - SOC L1 Alert Reporting.md	2:d0959eb8412f8f16f472c847e7f89f593703c30cc39d3d34f216d777831f1494	_notes/2025-11-15-tryhackme-soc-l1-alert-reporting.md
SOC Level 1/SOC Team Internals/TryHackMe  - SOC L1 Alert Triage.md	2:f6cd6bd027f3f0969cb9ee4ce1e36d802eb93466b20b44c296231a5b14702d90	_notes/2025-11-13-tryhackme-soc-l1-alert-triage.md
SOC Level 1/SOC Team Internals/TryHackMe  - SOC Workbooks and Lookups.md	2:0104776fe9883e27ee2358d9c31d312776abb7354e181f289e837ddc1f6bc365	_notes/2025-11-23-tryhackme-soc-workbooks-and-lookups.md
SOC Level 1/Security Information and Event Management/20250212T000000--investigating-with-elk-101__tryhackme.md	2:e59e88204e5277750ffffdbe3ecdee088011ff553dd7540ee08958439aa59678	_notes/2025-02-12-investigating-with-elk-101-20250212T000000.md
SOC Level 1/Security Information and Event Management/20250213T000000--benign__tryhackme.md	2:da417ab40bf28693768a00e7c890e68ba60a3129d4b8d8311e119698c1bf881f	_notes/2025-02-13-benign-20250213T000000.md
SOC Level 1/Security Information and Event Management/20250213T000002--incident-handling-with-splunk__tryhackme.md	2:9c9147f7e0f281b9ba871a4545823cc0260e0e3b2b277ae1dbb2903574d4bddf	_notes/2025-02-13-incident-handling-with-splunk-20250213T000002.md
SOC Level 1/Security Information and Event Management/20250213T000003--investigating-with-splunk__tryhackme.md	2:d004096209da51112715c5a232d8206f1185ea2042f4d1be6360a4e5e553b92f	_notes/2025-02-13-investigating-with-splunk-20250213T000003.md
SOC Level 1/Security Information and Event Management/20250213T000004--splunk-basics__tryhackme.md	2:9c6cc2361efba0c44dee9285a183233a2012a510deeb01fe6db5e38d4aea1dc7	_notes/2025-02-13-splunk-basics-20250213T000004.md
SOC Level 1/Web Security Monitoring/20260102T000000--tryhackme-detecting-web-attacks__learning_tryhackme.md	2:bd438d983dc900a2ab57516a5f29d6c9d86309d34aee2d9fe04f18fba8816eb1	_notes/2026-01-02-tryhackme-detecting-web-attacks-20260102T000000.md
SOC Level 1/Web Security Monitoring/20260105T000000--tryhackme-detecting-web-shells__learning_notes_tryhackme.md	2:808a1ddd726474b189f5b0a05d86c677fc7ec889fc9c5c97b1c563c988d4fae9	_notes/2026-01-05-tryhackme-detecting-web-shells-20260105T000000.md
SOC Level 1/Web Security Monitoring/20260107T000000--tryhackme-detecting-web-ddos__learning_tryhackme.md	2:09470bbe3931d3eab47922872c7166155defcff8c0569b7e6f97a0ee13c63090	_notes/2026-01-07-tryhackme-detecting-web-ddos-20260107T000000.md
SOC Level 1/Windows Security Monitoring/20260113T000000--level-1-windows-security-monitoring__learning_notes.md	2:588a8d4b17bc28e8b0f95dab55c184053038c9ba106d990ff8b2355dbb4b225e	_notes/2026-01-13-level-1-windows-security-monitoring-20260113T000000.md
SOC Level 1/Windows Security Monitoring/20260117T000000--tryhackme-windows-threat-detection-1__learning_notes_tryhackme.md	2:881fd12cad1991877b1c58495d6c0cef708ec9138c0bc6cd4b8b6f3b1e36a682	_notes/2026-01-17-tryhackme-windows-threat-detection-1-20260117T000000.md
SOC Level 1/Windows Security Monitoring/20260123T000000--tryhackme-windows-threat-detection-2__learning_notes_tryhackme.md	2:dbef4f9430c09e982183d9df237d412f254f2c055e95f1c8aee836d4025c5358	_notes/2026-01-23-tryhackme-windows-threat-detection-2-20260123T000000.md
SOC Level 1/Windows Security Monitoring/20260126T000000--tryhackme-windows-threat-detection-3__learning_notes_tryhackme.md	2:a9cf2d2395f9b59bef7cb3e781139b274578dadec36e7473be18e99ac52ec519	_notes/2026-01-26-tryhackme-windows-threat-detection-3-20260126T000000.md
SOC Level 2/Advanced ELK/20250601T000000--logstash-data-processing-unit__tryhackme.md	2:5794c14c4dfc19091faf31d26fcbba5682a94cc2f37e53cd36379000c4e89fb3	_notes/2025-06-01-logstash-data-processing-unit-20250601T000000.md
SOC Level 2/Advanced ELK/20250603T000000--custom-alert-rules-in-wazuh__tryhackme.md	2:6675eb24058b2f49ffde341eb8db868ff01ec89c434841b2848202cba1d488a7	_notes/2025-06-03-custom-alert-rules-in-wazuh-20250603T000000.md
SOC Level 2/Advanced ELK/20250604T000000--advanced-elk-queries__tryhackme.md	2:1349d91086a378909994dff9b95fd87882879e067ddf1e0f7d1581554c1a3a14	_notes/2025-06-04-advanced-elk-queries-20250604T000000.md
SOC Level 2/Advanced ELK/20250605T000000--slingshot__tryhackme.md	2:0c8f802f8a7196f924e2deb3861a87f62e2e6ba128479292ec57e303447b0b4b	_notes/2025-06-05-slingshot-20250605T000000.md
SOC Level 2/Advanced Splunk/20250528T000000--splunk-exploring-spl__tryhackme.md	2:f39d88c5a0294cb00946e36d3b218bb1a192281399e07653c7a7624c2c3a7101	_notes/2025-05-28-splunk-exploring-spl-20250528T000000.md
SOC Level 2/Advanced Splunk/20250529T000000--splunk-setting-up-a-soc-lab__tryhackme.md	2:4989c691958bdc325d607a0522f9b74af6a99f3277b20421fd315ea9f6cbbfb0	_notes/2025-05-29-splunk-setting-up-a-soc-lab-20250529T000000.md
SOC Level 2/Advanced Splunk/20250530T000000--splunk-dashboards-and-reports__tryhackme.md	2:b17049a8b997255d413318cd2658e4f20084a1e30956dd9053a76b80947cc856	_notes/2025-05-30-splunk-dashboards-and-reports-20250530T000000.md
SOC Level 2/Advanced Splunk/20250531T000000--fixit__tryhackme.md	2:5325666d0afd0d798de41ca05a8b6d032cd8ff13d5144192a3489a64b9bb2b3f	_notes/2025-05-31-fixit-20250531T000000.md
SOC Level 2/Advanced Splunk/20250531T000001--splunk-data-manipulation__tryhackme.md	2:2b2f425ce41b24cdbcde88bed36193ab2c0320d46582366467a421fc0c48382b	_notes/2025-05-31-splunk-data-manipulation-20250531T000001.md
SOC Level 2/Detection Engineering/20250606T000000--intro-to-detection-engineering__tryhackme.md	2:0534021edcf515e476233b674e210e2978a9b32e7324e8a99506c320024e1087	_notes/2025-06-06-intro-to-detection-engineering-20250606T000000.md
SOC Level 2/Detection Engineering/20250606T000001--tactical-detection__tryhackme.md	2:2892c42f36bc74c09a6d7144bb093f61c54cc25d854530576039766533371524	_notes/2025-06-06-tactical-detection-20250606T000001.md
SOC Level 2/Detection Engineering/20250607T000000--threat-intelligence-for-soc__tryhackme.md	2:bb331024d88126fdbaada7399d81ceb4e00a28358d217b9279a3b8281524fda7	_notes/2025-06-07-threat-intelligence-for-soc-20250607T000000.md
SOC Level 2/Detection Engineering/20250608T000000--sigma__tryhackme.md	2:141efdc81d5c87c7eaf4589e1e640f8cc5075a6dbf77a2f95b025c7623ce4744	_notes/2025-06-08-sigma-20250608T000000.md
SOC Level 2/Detection Engineering/20250609T000000--aurora-edr__tryhackme.md	2:09bf0de2b693830d2513c1bed8235754347dcb8265048e3e390fe60060a984ee	_notes/2025-06-09-aurora-edr-20250609T000000.md
SOC Level 2/Detection Engineering/20250609T000001--sighunt__tryhackme.md	2:ec2079e4d211b892c71263883934107fec9bda1b0ce282747d6f937e8a9f054b	_notes/2025-06-09-sighunt-20250609T000001.md
SOC Level 2/Detection Engineering/20250611T000000--soar__tryhackme.md	2:e21bfae2fa3bd6daf6eb1b10615b40d3c819469f29f42d0f0cffacfb1657552a	_notes/2025-06-11-soar-20250611T000000.md
SOC Level 2/Detection Engineering/SigHunt.md	2:f48f97d486286138a6a486b7cc1c950b78fd92f1289021ab28913872ddb4b36b	_notes/2025-01-01-sighunt.md
SOC Level 2/Incident Response/20250622T000000--preparationmd__tryhackme.md	2:084609fda825258661d723a8b641e8000cb2314d9753bf9438b06dcccf116030	_notes/2025-06-22-preparation-md-20250622T000000.md
SOC Level 2/Incident Response/20250623T000000--identification-scoping__tryhackme.md	2:eccade9dafcc8bbdf5fc3f64ef7bd84eaa4bf6f9f99fd45e7bf9d166d9400ae8	_notes/2025-06-23-identification-scoping-20250623T000000.md
SOC Level 2/Incident Response/20250625T000000--tryhackme-threat-intel-containment__tryhackme.md	2:1c030f5e8bff0fed7cf33a4f76b3337290b79ca618c15b93d18c51ffc7737640	_notes/2025-06-25-tryhackme-threat-intel-containment-20250625T000000.md
SOC Level 2/Incident Response/20250626T000000--tryhackme-eradication-remediation__tryhackme.md	2:9139aa440ca1af66b072b71b293c74762ff13e4401b305bdcc67adb1069dbe3e	_notes/2025-06-26-tryhackme-eradication-remediation-20250626T000000.md
SOC Level 2/Incident Response/20250627T000000--tryhackme-lessons-learned__tryhackme.md	2:8325af724a23b86deff4c645566eefd0a7d0e991aaf23904ba9b88d1f0e0a724	_notes/2025-06-27-tryhackme-lessons-learned-20250627T000000.md
SOC Level 2/Incident Response/20250628T000000--tardigrade__tryhackme.md	2:3c47a5d5f2d7efb220c67e97b8f22c3c5f1f042a7b761ccd1e59fa64f1d69aef	_notes/2025-06-28-tardigrade-20250628T000000.md
SOC Level 2/Log Analysis/20250525T000000--intro-to-logs__tryhackme.md	2:0cf0cb89a6156cbdc5bd3893d30205de65a3e6207eb8a6293bae54b274b45538	_notes/2025-05-25-intro-to-logs-20250525T000000.md
SOC Level 2/Log Analysis/20250526T000000--log-operations__tryhackme.md	2:94f08a0ec42fc4de6873e146fff41fc627ca6df37a38f0fb83f1b81159de0f47	_notes/2025-05-26-log-operations-20250526T000000.md
SOC Level 2/Log Analysis/20250527T000000--intro-to-log-analysis__tryhackme.md	2:48101b8b044dc7d83d3f69885506b8201660561fa46d73bb69b2190eb5628e24	_notes/2025-05-27-intro-to-log-analysis-20250527T000000.md
SOC Level 2/Malware Analysis/20250703T000000--tryhackme-x86-architecture-overview__tryhackme.md	2:fb9ade00e6c4bdac60a858737b28f5dde168d7ff3f365448eb061c3ed6d858a9	_notes/2025-07-03-tryhackme-x86-architecture-overview-20250703T000000.md
SOC Level 2/Malware Analysis/20250705T000000--tryhackme-x86-assembly-crash-course__tryhackme.md	2:af18a3e3908a1919e751abe8a5e850cff483a4939c43b3cb6b079eba564d4ce8	_notes/2025-07-05-tryhackme-x86-assembly-crash-course-20250705T000000.md
SOC Level 2/Malware Analysis/20250707T000000--tryhackme-dissecting-pe-headers__tryhackme.md	2:18ea5436538714405c660a8e644eeaf0ed03e9ce6d2bb214122d400b79cca30b	_notes/2025-07-07-tryhackme-dissecting-pe-headers-20250707T000000.md
SOC Level 2/Malware Analysis/20250707T000001--tryhackme-windows-internals__tryhackme.md	2:d9705bb3dbc128d736cab8ce402919464437acda98734fa855a5945f025be4cc	_notes/2025-07-07-tryhackme-windows-internals-20250707T000001.md
SOC Level 2/Malware Analysis/20250710T000000--tryhackme-basic-static-analysis__tryhackme.md	2:c4c2ef5f3602c56bece5187fe25678eb4761f8f001f7e2165003f2cefd288032	_notes/2025-07-10-tryhackme-basic-static-analysis-20250710T000000.md
SOC Level 2/Malware Analysis/20250711T000000--tryhackme-advanced-static-analysis__tryhackme.md	2:be3a59e8c0f4c263b15d8948cc10f78c99d45e188fa322ddc9a675e5a769529b	_notes/2025-07-11-tryhackme-advanced-static-analysis-20250711T000000.md
SOC Level 2/Malware Analysis/20250711T000001--tryhackme-malbuster__tryhackme.md	2:7795baeb301767fd906240b12bb6ca517f6091bd5e8e566533ed3e31e3ff8af8	_notes/2025-07-11-tryhackme-malbuster-20250711T000001.md
SOC Level 2/Malware Analysis/20250714T000000--tryhackme-basic-dynamic-analysis__tryhackme.md	2:9145f25a6d150e47851945f6e7c14b487dfe1afd6951a736dfcfef4256e258b8	_notes/2025-07-14-tryhackme-basic-dynamic-analysis-20250714T000000.md
SOC Level 2/Malware Analysis/20250716T000000--tryhackme-anti-reverse-engineering__tryhackme.md	2:dc3e65adb6a2c07e5f466bff900275ca071ac90c7a6af0e809c772c5db16edab	_notes/2025-07-16-tryhackme-anti-reverse-engineering-20250716T000000.md
SOC Level 2/Malware Analysis/20250716T000001--tryhackme-dynamic-analysis-debugging__tryhackme.md	2:8e59fae88b59fc39c018cb2e8a3b0f693393d418510fc4ddef7d8b413500d929	_notes/2025-07-16-tryhackme-dynamic-analysis-debugging-20250716T000001.md
SOC Level 2/Malware Analysis/20250718T000000--tryhackme-maldoc-static-analysis__tryhackme.md	2:b6e33c70b81a04cc106bc1681e9adf8ce2fcfaaf632c434fbded069eeb7f8a76	_notes/2025-07-18-tryhackme-maldoc-static-analysis-20250718T000000.md
SOC Level 2/Threat Emulation/20250619T000000--intro-to-threat-emulation__tryhackme.md	2:d507cdebfc08d6d487449c0a752a33254dc8040bc81ad684e893f061ca57d665	_notes/2025-06-19-intro-to-threat-emulation-20250619T000000.md
SOC Level 2/Threat Emulation/20250619T000001--tryhackme-atomic-red-team__tryhackme.md	2:25fc677356b89de2f26fcea75686ee7689e5b7e4dbb46b2f4f4dc59844f00454	_notes/2025-06-19-tryhackme-atomic-red-team-20250619T000001.md
SOC Level 2/Threat Emulation/20250619T000002--tryhackme-caldera__tryhackme.md	2:f87eb9cc94cf6e08be296c723118daa5034e078a9154217b2a223a8346fed3f9	_notes/2025-06-19-tryhackme-caldera-20250619T000002.md
SOC Level 2/Threat Emulation/20250621T000000--tryhackme-atomic-bird-goes-purple-2__tryhackme.md	2:e6e7859442d2aabf6cf60c41fe67ab79afca35632c00fc8560b05abef7d6828a	_notes/2025-06-21-tryhackme-atomic-bird-goes-purple-2-20250621T000000.md
SOC Level 2/Threat Hunting/20250616T000000--threat-hunting-introduction__tryhackme.md	2:93b3b098b033e2ecbf61f7751fc2fa2a839293a673a5509c223977ee12c32ff3	_notes/2025-06-16-threat-hunting-introduction-20250616T000000.md
SOC Level 2/Threat Hunting/20250617T000000--hunt-me-i-payment-collectors__tryhackme.md	2:4bd9fc0a89a2b4a43c01f73df1ae92ee7d49a7831b0cd9f47b7b3e688e86844a	_notes/2025-06-17-hunt-me-i-payment-collectors-20250617T000000.md
SOC Level 2/Threat Hunting/20250617T000001--threat-hunting-foothold__tryhackme.md	2:573c6aa09ba863df5eb09810f9786bc41fd6c0250d6736de6f66c03e62056372	_notes/2025-06-17-threat-hunting-foothold-20250617T000001.md
SOC Level 2/Threat Hunting/20250617T000002--threat-hunting-pivoting__tryhackme.md	2:c916251d57269aea8891f5c0c73887a13518dfaf74864fd313363bd87041ad02	_notes/2025-06-17-threat-hunting-pivoting-20250617T000002.md
SOC Level 2/Threat Hunting/20250618T000000--hunt-me-ii-typo-squatters__tryhackme.md	2:6710f9e88fb44859fa2e8f0f192ae05836901e3749c873574ce3664eead4630b	_notes/2025-06-18-hunt-me-ii-typo-squatters-20250618T000000.md
Security Engineer/Introduction to Security Engineering/20250223T000000--introduction-to-security-engineering__tryhackme.md	2:2bcf535376aa691a687a75947c91e19e77fc4569f6a87f65e9efa25304cf8a8b	_notes/2025-02-23-introduction-to-security-engineering-20250223T000000.md
Security Engineer/Introduction to Security Engineering/20250322T000000--identity-and-access-management__tryhackme.md	2:eaa257e5f1d5a926f37e86130c82d98a00dbe70f8de078b3a99b6ae59a583ecb	_notes/2025-03-22-identity-and-access-management-20250322T000000.md
Security Engineer/Introduction to Security Engineering/20250322T000001--introduction-to-cryptography__tryhackme.md	2:48eb9bbbb74fdd5141b119936e6c072e5127b2e4ea7bf19608b13d57587dc2ca	_notes/2025-03-22-introduction-to-cryptography-20250322T000001.md
Security Engineer/Managing Incidents/20250420T000000--intro-to-ir-and-im__tryhackme.md	2:8db1945ad7cb43cc1809b590dfe8d0d5107ae6bc09efeda28bd086e8b4a7e07d	_notes/2025-04-20-intro-to-ir-and-im-20250420T000000.md
Security Engineer/Managing Incidents/20250420T000001--logging-for-accountability__tryhackme.md	2:bb6b016ab125a042c4d90dbd813f93635684db3e8be7a59f13f349d705ce92ee	_notes/2025-04-20-logging-for-accountability-20250420T000001.md
Security Engineer/Managing Incidents/20250421T000000--becoming-a-first-responder__tryhackme.md	2:5232f64e11712da6f6209148e814ff23f3ee1657619e65cae44ae9b17a66b0fe	_notes/2025-04-21-becoming-a-first-responder-20250421T000000.md
Security Engineer/Managing Incidents/20250421T000001--cyber-crisis-management__tryhackme.md	2:9ecc347c92b9122ed216dbe7b88bbba2f43bc796f2d253fc2148ff3a7e556304	_notes/2025-04-21-cyber-crisis-management-20250421T000001.md
Security Engineer/Network and System Security/20250328T000000--secure-network-architecture__tryhackme.md	2:fe5cfab7ef8edb425878729065360c0267b016a44acb66dde52bf1703954bd1f	_notes/2025-03-28-secure-network-architecture-20250328T000000.md
Security Engineer/Network and System Security/20250329T000000--linux-system-hardening__tryhackme.md	2:64b31441f9c20be17f0540ffba0f9d6d4a18f94ba90454780a16911b830ccfef	_notes/2025-03-29-linux-system-hardening-20250329T000000.md
Security Engineer/Network and System Security/20250401T000000--microsoft-windows-hardening__tryhackme.md	2:c1222f1cc934c11202c61de72dd1361359b9a8979069b7902f0af0011d9200a1	_notes/2025-04-01-microsoft-windows-hardening-20250401T000000.md
Security Engineer/Network and System Security/20250403T000000--active-directory-hardening__tryhackme.md	2:5588178016853fc9b487a6923fcbeadf04a3cbb40979bc03bd7c0cc8fd54455d	_notes/2025-04-03-active-directory-hardening-20250403T000000.md
Security Engineer/Network and System Security/20250405T000000--network-device-hardening__tryhackme.md	2:190a6fa8532399bc0bbf99977cc1291fdcead99c935c0b9f2c3eb6c33b786fb5	_notes/2025-04-05-network-device-hardening-20250405T000000.md
Security Engineer/Network and System Security/20250408T000000--network-security-protocols__tryhackme.md	2:8a7295b0d6238987123d22e4d836ce144384c68a5be7660a886009ae9b65ca8b	_notes/2025-04-08-network-security-protocols-20250408T000000.md
Security Engineer/Network and System Security/20250408T000001--virtualization-and-containers__tryhackme.md	2:428e9eaeb9a908a78e8cd18435573bd88c9621ac0fa65ebe594ff7506c3bafd9	_notes/2025-04-08-virtualization-and-containers-20250408T000001.md
Security Engineer/Software Security/20250417T000000--dast__tryhackme.md	2:25df6daaed31b2362dc7e6caa613b7a17d4f5f7f559c6bdd2591239092592f6f	_notes/2025-04-17-dast-20250417T000000.md
Security Engineer/Software Security/20250417T000001--owasp-api-security-top-10-1__tryhackme.md	2:97146562fd9baab04630c4378d9d94e2c7970e283ef66bc3062595523974f8b2	_notes/2025-04-17-owasp-api-security-top-10-1-20250417T000001.md
Security Engineer/Software Security/20250417T000002--owasp-api-security-top-10-2__tryhackme.md	2:d9cc7957609c738d6e006336a0bac662400f18a4b20f5ee3a4623bbb53aaa24b	_notes/2025-04-17-owasp-api-security-top-10-2-20250417T000002.md
Security Engineer/Software Security/20250417T000003--sast__tryhackme.md	2:9896bbda290450f992836c2385c1bde7bfda80a94bd20f0b8be91a455a8c7d03	_notes/2025-04-17-sast-20250417T000003.md
Security Engineer/Software Security/20250417T000004--ssdlc__tryhackme.md	2:99796a834db82c13db615209a65a19a278400053f98079abfb6e9a3c539ad0a0	_notes/2025-04-17-ssdlc-20250417T000004.md
Security Engineer/Software Security/20250417T000005--weaponizing-vulnerabilities__tryhackme.md	2:6affcf455bec274eafa740ac34766f3a3431d505bba75093c2b6160c78ad1356	_notes/2025-04-17-weaponizing-vulnerabilities-20250417T000005.md
Security Engineer/Software Security/20250418T000000--introduction-to-devsecops__tryhackme.md	2:339e87d17f054304c389efb4346bff5e1f0d727eb2d8f6212eaf49252f67c6bf	_notes/2025-04-18-introduction-to-devsecops-20250418T000000.md
Security Engineer/Threats and Risks/20250324T000000--threat-modelling__tryhackme.md	2:0621284ed33bed3e7690aa79e5e72191cc709e2b30a462520aa61a87d96bcd86	_notes/2025-03-24-threat-modelling-20250324T000000.md
Security Engineer/Threats and Risks/20250325T000000--risk-management__tryhackme.md	2:554c22bfbdc1f37d6b4c05084af66f4efce8c465aa8e41b03057601e9aebdebf	_notes/2025-03-25-risk-management-20250325T000000.md
Security Engineer/Threats and Risks/20250325T000001--vulnerability-management__tryhackme.md	2:ea61a253d4e9f37efa5aa4140d3c155ecb7f8b978fa2e47be596da4f90cadc3e	_notes/2025-03-25-vulnerability-management-20250325T000001.md
Special/20250902T231356--advent-of-cyber-2024__tryhackme.md	2:dc493b0f28d04ae282ee7325a38f262533b4d616ee04bfc079951db867940415	_notes/2025-09-02-advent-of-cyber-2024-20250902T231356.md
Special/20250902T231357--network-services__tryhackme.md	2:fcc7362c84636cbddbfdb2ef312a70703786ad60a52d42c21036c1e5ad331209	_notes/2025-09-02-network-services-20250902T231357.md
Special/20250902T231358--network-services-2__tryhackme.md	2:7bd5cda3dc74ba53810f8d5ef75cb3d70774b3aa2af6f653ea52d759986efa5a	_notes/2025-09-02-network-services-2-20250902T231358.md
Special/20250902T231359--introductory-researching__tryhackme.md	2:61216666f16da575b618d9698db12c05bf0a30b8793c3cb6c4f4cfb0c1b37920	_notes/2025-09-02-introductory-researching-20250902T231359.md
Special/20250902T231400--starting-out-in-cyber-sec__tryhackme.md	2:88edf76ddfe4e9d6188ce556d2e7bf1e03f470ea907afe6ac7e1d4dbcc13cdd4	_notes/2025-09-02-starting-out-in-cyber-sec-20250902T231400.md
Starting out in Cyber/20250205T205524--starting-out-in-cyber-sec__tryhackme.md	2:cf69849b932d4a99087511b43bc907b19db06de911303b9bea7ed98749cc2c4e	_notes/2025-02-05-starting-out-in-cyber-sec-20250205T205524.md
Web Application Pentesting/Advanced Client-Side Attacks/20250515T000001--xss__tryhackme.md	2:d4f92b345d29c2d1f008c06dbd5fb4c6d7641c80ca7f636ac68832d3a92a5dbc	_notes/2025-05-15-xss-20250515T000001.md
Web Application Pentesting/Advanced Client-Side Attacks/20250516T000000--csrf__tryhackme.md	2:1ca9a185dcdb11b8e0073e4b37138202a26075eb1b8c779b02e2c0a60b29f313	_notes/2025-05-16-csrf-20250516T000000.md
Web Application Pentesting/Advanced Client-Side Attacks/20250518T000000--cors-sop__tryhackme.md	2:638dd9fd550982f58ad37a684282569d4fe857247550de2b0cd2d77fdc7311ad	_notes/2025-05-18-cors-sop-20250518T000000.md
Web Application Pentesting/Advanced Client-Side Attacks/20250518T000001--dom-based-attacks__tryhackme.md	2:7978bf7db1e528648ea4ef2d62ae3546323ed44f68be4690e448f571ec98148f	_notes/2025-05-18-dom-based-attacks-20250518T000001.md
Web Application Pentesting/Advanced Client-Side Attacks/20250518T000002--whats-your-name__tryhackme.md	2:ddb7ad671a4e7900116224138f4232036c204cff49d1abe33cd953ee1a54dd95	_notes/2025-05-18-whats-your-name-20250518T000002.md
Web Application Pentesting/Advanced Client-Side Attacks/CORS & SOP.md	2:23bfc1778f2463afa9aeecef43f572b90968e116e9fe69f9702eff414a4cebb2	_notes/2025-01-01-cors-sop.md
Web Application Pentesting/Advanced Client-Side Attacks/CSRF.md	2:33a1468a9bd68fbd99245e0f319cd8714eb1ebeb28aee8f70b5d5c4602547634	_notes/2025-01-01-csrf.md
Web Application Pentesting/Advanced Client-Side Attacks/DOM-Based Attacks.md	2:6053c5786d1703f824b5c724d7a72b9de3c2072a30106d3e66135dadf91958e3	_notes/2025-01-01-dom-based-attacks.md
Web Application Pentesting/Advanced Client-Side Attacks/Whats Your Name.md	2:9c3e9d1771ae71627fa2287d69c48cf0cbc183936aa97819854e2aebe4b6e7d6	_notes/2025-01-01-whats-your-name.md
Web Application Pentesting/Advanced Server-Side Attacks/20250508T000000--insecure-deserialisation__tryhackme.md	2:9dd816f69bd9d11e807e3f660b04d3aae30def7730d04e0719ba3fbdeaf2bb2a	_notes/2025-05-08-insecure-deserialisation-20250508T000000.md
Web Application Pentesting/Advanced Server-Side Attacks/20250509T000000--ssrf__tryhackme.md	2:04463786ae2cab9f3abd70bbf47d8bc1aa8ee8fab06d4bcfa667c418ff1fe00a	_notes/2025-05-09-ssrf-20250509T000000.md
Web Application Pentesting/Advanced Server-Side Attacks/20250510T000000--file-inclusion-path-traversal__tryhackme.md	2:e279e6ac05dff560d8885333509f40a1a1105883b27d194c16a7ddf09104f433	_notes/2025-05-10-file-inclusion-path-traversal-20250510T000000.md
Web Application Pentesting/Advanced Server-Side Attacks/20250511T000000--race-conditions__tryhackme.md	2:883f8b4d0be1900e441f9603e9dad7bbbef7d596e176eaf5e69230ece0d4d747	_notes/2025-05-11-race-conditions-20250511T000000.md
Web Application Pentesting/Advanced Server-Side Attacks/20250512T000000--include__tryhackme.md	2:4e7598f94733a2900f26c45be607f516c893baf011dcb8f108bcf36e73b7a316	_notes/2025-05-12-include-20250512T000000.md
Web Application Pentesting/Advanced Server-Side Attacks/20250512T000001--prototype-pollution__tryhackme.md	2:05b03a4d2611f5293ee507df6a2ec077f5d2c18e67986ded35ea183c34ec3b19	_notes/2025-05-12-prototype-pollution-20250512T000001.md
Web Application Pentesting/Authentication/20250428T000000--enumeration-brute-force__tryhackme.md	2:23b05b055cf524d5ae698eb351b0ca074cebaca6391b7ff12e44a3fd4761344f	_notes/2025-04-28-enumeration-brute-force-20250428T000000.md
Web Application Pentesting/Authentication/20250428T000001--jwt-security__tryhackme.md	2:4332f001adeca22cdac597dbc2aab3033a31cb4bef790cee4a65016242ae5655	_notes/2025-04-28-jwt-security-20250428T000001.md
Web Application Pentesting/Authentication/20250428T000002--oauth-vulnerabilities__tryhackme.md	2:abf867ba7d0e24223fc5e41883e8d86cbfa6c79e6687780ad2e052dc56793374	_notes/2025-04-28-oauth-vulnerabilities-20250428T000002.md
Web Application Pentesting/Authentication/20250428T000003--session-management__tryhackme.md	2:f242282a7dc5508bd62ae6e7423c8eb730905fb82b9cd4603b3bd38e38c2ba89	_notes/2025-04-28-session-management-20250428T000003.md
Web Application Pentesting/Authentication/20250430T000001--multi-factor-authentication__tryhackme.md	2:a86a83360f727b94b931ae18a33c4b3332a08b59a5f394169538ecbfad678a85	_notes/2025-04-30-multi-factor-authentication-20250430T000001.md
Web Application Pentesting/Authentication/20250515T000000--hammer__tryhackme.md	2:da48074029cd1058ea40d79bac28cdf4d982a3221ca4c67e588e81e197ff258b	_notes/2025-05-15-hammer-20250515T000000.md
Web Application Pentesting/Authentication/hammer.md	2:9fae0911e6b9512f65d45df52394f586aed70565a53e434c2ee39775ef6f85aa	_notes/2025-01-01-hammer.md
Web Application Pentesting/HTTP Request Smuggling/20250520T000000--http-request-smuggling__tryhackme.md	2:910ce325584c2d6202501a3bf9d96474852e5074fe6a3c2516fbf61e589c448a	_notes/2025-05-20-http-request-smuggling-20250520T000000.md
Web Application Pentesting/HTTP Request Smuggling/20250521T000000--http-2-request-smuggling__tryhackme.md	2:1c8a308ad69fee7c395292ae57e2acbbb7f8118ccde1d05b6018be1f646c73fe	_notes/2025-05-21-http-2-request-smuggling-20250521T000000.md
Web Application Pentesting/HTTP Request Smuggling/20250522T000000--request-smuggling-websockets__tryhackme.md	2:05ce4ecb0519254c8b2cab9733e50249f39af54dd2ccc9c3829415e4bdff0298	_notes/2025-05-22-request-smuggling-websockets-20250522T000000.md
Web Application Pentesting/HTTP Request Smuggling/20250524T000000--http-browser-desync__tryhackme.md	2:49bbb12db3d9edebc82f3799d4fb916d08fd9c3d188fd8a5c8631cc0329ee46a	_notes/2025-05-24-http-browser-desync-20250524T000000.md
Web Application Pentesting/HTTP Request Smuggling/HTTP -2 Request Smuggling.md	2:567eb544d634ad68c6a0112341bc797a8692d3581c7ebf3ceec96d97dfe748eb	_notes/2025-01-01-http-2-request-smuggling.md
Web Application Pentesting/HTTP Request Smuggling/HTTP Browser Desync.md	2:1aa5dc8ccd973deffbba55a5450df01d03bf021c10948e5bd47e22643dd37454	_notes/2025-01-01-http-browser-desync.md
Web Application Pentesting/HTTP Request Smuggling/HTTP Request Smuggling.md	2:6bfce5c6f953356d7c9af72e52128fae2f5a250c2aefac9087115255d6f9a29d	_notes/2025-01-01-http-request-smuggling.md
Web Application Pentesting/HTTP Request Smuggling/Request Smuggling - WebSockets.md	2:f33731ce002c39c67cbe7578e64651b8fcd01b12a5643f2364c888229c6a8a9d	_notes/2025-01-01-request-smuggling-websockets.md
Web Application Pentesting/Injection Attacks/20250430T000000--advanced-sql-injection__tryhackme.md	2:25bb20ad44a53290dd4bf16c45969fa9a52367f7a1d2a8596bc73776286d5945	_notes/2025-04-30-advanced-sql-injection-20250430T000000.md
Web Application Pentesting/Injection Attacks/20250430T000002--nosql-injection__tryhackme.md	2:ed183a05baa00e8068f20ae0ce8339daae6d89232432fe3ddfe63d2d29c90a67	_notes/2025-04-30-nosql-injection-20250430T000002.md
Web Application Pentesting/Injection Attacks/20250502T000000--xxe-injection__tryhackme.md	2:abaa067943a31694762d027c429919b162e9d2fbe2634c833293905d7bf4fbaf	_notes/2025-05-02-xxe-injection-20250502T000000.md
Web Application Pentesting/Injection Attacks/20250504T000000--ldap-injection__tryhackme.md	2:23b4770f1cb3016696e82c198ac0779f78a2111b3ed2f870ce87a47e5dc23385	_notes/2025-05-04-ldap-injection-20250504T000000.md
Web Application Pentesting/Injection Attacks/20250504T000001--server-side-template-injection__tryhackme.md	2:0799dcc60fd97b0565c0bc26c1fcafeb6451bbd1de455124a9d1a5617a76ade1	_notes/2025-05-04-server-side-template-injection-20250504T000001.md
Web Application Pentesting/Injection Attacks/20250506T000000--orm-injection__tryhackme.md	2:9cee8ee15caa7f5c8156027d4bbcbb394d047c9ef13311844be3aaf74e98e61f	_notes/2025-05-06-orm-injection-20250506T000000.md
Web Fundamentals/Burp Suite/20250309T000000--burp-suite-repeater__tryhackme.md	2:24f6a37e0a532a3c9fb35efd4eb1a6392e5e72c54888dc8b4d20d3b6598bc4ad	_notes/2025-03-09-burp-suite-repeater-20250309T000000.md
Web Fundamentals/Burp Suite/20250311T000000--burp-suite-intruder__tryhackme.md	2:a0a0bc7b8399e436fd72a9d83136e58a47137f6004f019a99983fc4f69c4d9b5	_notes/2025-03-11-burp-suite-intruder-20250311T000000.md
Web Fundamentals/Burp Suite/20250312T000000--burp-suite-other-modules__tryhackme.md	2:54aa2038598a91417254151386b6b90c8e3cc1416b998f6c98053473b16e229f	_notes/2025-03-12-burp-suite-other-modules-20250312T000000.md
Web Fundamentals/Burp Suite/20250313T000000--burp-suite-extensions__tryhackme.md	2:39cd7fd23367da960cb8fdfc62a077e6dcbc1d327fe93c8c311fdf8fee01f121	_notes/2025-03-13-burp-suite-extensions-20250313T000000.md
Web Fundamentals/Introduction to Web Hacking/20250302T000001--walking-an-application__tryhackme.md	2:948e253468d990d29bf8eb848f3391be00672ad5b35fe5e1921108e2013bebb5	_notes/2025-03-02-walking-an-application-20250302T000001.md
Web Fundamentals/Introduction to Web Hacking/20250304T000000--content-discovery__tryhackme.md	2:463314bfdada0ae6424b10b2aacc40f7668486b2c93e9d9fe72e96ff32e9efc4	_notes/2025-03-04-content-discovery-20250304T000000.md
Web Fundamentals/Introduction to Web Hacking/20250305T000000--authentication-bypass__tryhackme.md	2:67d60b6f7b6015b73bb2bcd689049428ae6047d2b1110092b3cae6911a78da8c	_notes/2025-03-05-authentication-bypass-20250305T000000.md
Web Fundamentals/Introduction to Web Hacking/20250305T000001--subdomain-enumeration__tryhackme.md	2:978d1a6674109f60619271cf913798d4f65fc81aa28dea077522362c9acb9371	_notes/2025-03-05-subdomain-enumeration-20250305T000001.md
Web Fundamentals/Introduction to Web Hacking/20250306T000000--idor__tryhackme.md	2:7424bb3634134e2a3186ec4d49f503fa4cbaec3c8baa5c9adf196cd9a5b05c04	_notes/2025-03-06-idor-20250306T000000.md
Web Fundamentals/Introduction to Web Hacking/20250307T000000--file-inclusion__tryhackme.md	2:b67862388be3ab705026e209d2e31c6a31f0f81539bfae0494a0ca17aebf7f35	_notes/2025-03-07-file-inclusion-20250307T000000.md
Web Fundamentals/Introduction to Web Hacking/20250308T000000--intro-to-ssrf__tryhackme.md	2:6b2eafc32e326007d8afb93917eca5e3ed2f45fa21b3e5376d853e89f76eb2a2	_notes/2025-03-08-intro-to-ssrf-20250308T000000.md
Web Fundamentals/Introduction to Web Hacking/20250309T000001--command-injection__tryhackme.md	2:ed6d1a93d90f0b2a6318e21309c7f45710064ebb8e71b10dde039c6bdcb6fed3	_notes/2025-03-09-command-injection-20250309T000001.md
Web Fundamentals/Introduction to Web Hacking/20250309T000002--intro-to-cross-site-scripting__tryhackme.md	2:8b165548d24e4d54d85704c1b29d8b2d5a8e167b6198a8c8cd231156fe93d04b	_notes/2025-03-09-intro-to-cross-site-scripting-20250309T000002.md
Web Fundamentals/Introduction to Web Hacking/20250309T000003--sql-injection__tryhackme.md	2:476978bc934f4d31f9f51a39f8b6b37f00110f4491acfa03de3dd509c6fef723	_notes/2025-03-09-sql-injection-20250309T000003.md
Web Fundamentals/Web Hacking Fundamentals/20250315T000000--owasp-juice-shop__tryhackme.md	2:40cb1b9f7f326bf28af9f48bec9c0725cda373d9e763b4bd84a3fc77e6d74823	_notes/2025-03-15-owasp-juice-shop-20250315T000000.md
Web Fundamentals/Web Hacking Fundamentals/20250315T000001--pickle-rick__tryhackme.md	2:e87ff70ce38ecaf6ded413f7488914e1f563f54080e8a9380fd5270f79023c41	_notes/2025-03-15-pickle-rick-20250315T000001.md
Web Fundamentals/Web Hacking Fundamentals/20250315T000002--upload-vulnerabilities__tryhackme.md	2:962bd65dea32fff48369bc1f9d500448b470ae5260c5ede6fa3537fee27d2abe	_notes/2025-03-15-upload-vulnerabilities-20250315T000002.md
Web Hacking Fundamentals/20250205T205524--how-websites-work__tryhackme.md	2:5832c3100119005f36bda7c19d287c2d0e0fd214b60746677fc1e8c4a655b501	_notes/2025-02-05-how-websites-work-20250205T205524.md
Windows Exploitation Basic/20250205T205523--windows-fundamentals-1__tryhackme.md	2:7244ea7c7d420bc98fc69d6c48d25a29085b2e5505a4adb1aa4210eaa2ce538e	_notes/2025-02-05-windows-fundamentals-1-20250205T205523.md
Windows Exploitation Basic/20250205T205524--windows-fundamentals-2__tryhackme.md	2:f859b906fc95f0635b8e00b5cc87525b8b045fb6ebc52224f1cf560f2761074b	_notes/2025-02-05-windows-fundamentals-2-20250205T205524.md
Windows Exploitation Basic/20250205T205525--windows-fundamentals-3__tryhackme.md	2:d749f04a9f721b516e92916892aed2f92f5fa5bc4645e4475903694dd2574178	_notes/2025-02-05-windows-fundamentals-3-20250205T205525.md
